date,closeISA
2003-07-03,1041.0
2003-07-04,1040.0
2003-07-07,1040.0
2003-07-08,1018.0
2003-07-09,1013.0
2003-07-10,1029.0
2003-07-11,1040.0
2003-07-14,1040.0
2003-07-15,1025.0
2003-07-16,1016.0
2003-07-17,1012.0
2003-07-18,1001.0
2003-07-21,1010.0
2003-07-22,1013.0
2003-07-23,1010.0
2003-07-24,1000.0
2003-07-25,991.0
2003-07-28,990.0
2003-07-29,980.0
2003-07-30,980.0
2003-07-31,970.0
2003-08-01,980.0
2003-08-04,970.0
2003-08-05,964.0
2003-08-06,975.0
2003-08-08,975.0
2003-08-11,970.0
2003-08-12,965.0
2003-08-13,960.0
2003-08-14,951.0
2003-08-15,950.0
2003-08-19,956.0
2003-08-20,960.0
2003-08-21,963.0
2003-08-22,981.0
2003-08-25,981.0
2003-08-26,972.0
2003-08-27,972.0
2003-08-28,967.0
2003-08-29,970.0
2003-09-01,940.0
2003-09-02,940.0
2003-09-03,934.0
2003-09-04,935.0
2003-09-05,930.0
2003-09-08,931.0
2003-09-09,936.0
2003-09-10,930.0
2003-09-11,930.0
2003-09-12,940.0
2003-09-15,930.0
2003-09-16,940.0
2003-09-17,945.0
2003-09-18,940.0
2003-09-19,940.0
2003-09-22,930.0
2003-09-23,920.0
2003-09-24,923.0
2003-09-25,915.0
2003-09-26,910.0
2003-09-29,895.0
2003-09-30,900.0
2003-10-01,902.0
2003-10-02,921.0
2003-10-03,926.0
2003-10-06,930.0
2003-10-07,941.0
2003-10-08,940.0
2003-10-09,950.0
2003-10-10,955.0
2003-10-14,944.0
2003-10-15,946.0
2003-10-16,945.0
2003-10-17,945.0
2003-10-20,951.0
2003-10-21,960.0
2003-10-22,972.0
2003-10-23,990.0
2003-10-24,990.0
2003-10-27,960.0
2003-10-28,969.0
2003-10-29,980.0
2003-10-30,980.0
2003-10-31,980.0
2003-11-04,990.0
2003-11-05,995.0
2003-11-06,1000.0
2003-11-07,1001.0
2003-11-10,991.0
2003-11-11,992.0
2003-11-12,993.0
2003-11-13,996.0
2003-11-14,995.0
2003-11-18,1000.0
2003-11-19,1000.0
2003-11-20,1000.0
2003-11-21,1000.0
2003-11-24,999.0
2003-11-25,998.0
2003-11-26,998.0
2003-11-27,996.0
2003-11-28,996.0
2003-12-01,940.0
2003-12-02,950.0
2003-12-03,951.0
2003-12-04,960.0
2003-12-05,965.0
2003-12-09,971.0
2003-12-10,976.0
2003-12-11,990.0
2003-12-12,990.0
2003-12-15,995.0
2003-12-16,1000.0
2003-12-17,1000.0
2003-12-18,1000.0
2003-12-19,1010.0
2003-12-22,1010.0
2003-12-23,1005.0
2003-12-24,1000.0
2003-12-26,995.0
2004-01-02,1000.0
2004-01-05,990.0
2004-01-06,990.0
2004-01-07,990.0
2004-01-08,1010.0
2004-01-09,1025.0
2004-01-13,1016.0
2004-01-14,1025.0
2004-01-15,1025.0
2004-01-16,1040.0
2004-01-19,1054.0
2004-01-20,1100.0
2004-01-21,1137.0
2004-01-22,1175.0
2004-01-23,1140.0
2004-01-26,1136.0
2004-01-27,1176.0
2004-01-28,1215.0
2004-01-29,1222.0
2004-01-30,1218.0
2004-02-02,1199.0
2004-02-03,1232.0
2004-02-04,1219.0
2004-02-05,1250.0
2004-02-06,1300.0
2004-02-09,1393.0
2004-02-10,1413.0
2004-02-11,1440.0
2004-02-12,1430.0
2004-02-13,1475.0
2004-02-16,1500.0
2004-02-17,1520.0
2004-02-18,1600.0
2004-02-19,1740.0
2004-02-20,1920.0
2004-02-23,1990.0
2004-02-24,1850.0
2004-02-25,1770.0
2004-02-26,1645.0
2004-02-27,1700.0
2004-03-01,1680.0
2004-03-02,1555.0
2004-03-03,1565.0
2004-03-04,1600.0
2004-03-05,1675.0
2004-03-08,1685.0
2004-03-09,1700.0
2004-03-10,1730.0
2004-03-11,1745.0
2004-03-12,1775.0
2004-03-15,1790.0
2004-03-16,1790.0
2004-03-17,1765.0
2004-03-18,1810.0
2004-03-19,1840.0
2004-03-23,1915.0
2004-03-24,1940.0
2004-03-25,1905.0
2004-03-26,1930.0
2004-03-29,1920.0
2004-03-30,1905.0
2004-03-31,1900.0
2004-04-01,1890.0
2004-04-02,1910.0
2004-04-05,1900.0
2004-04-06,1930.0
2004-04-07,1920.0
2004-04-12,1920.0
2004-04-13,1900.0
2004-04-14,1890.0
2004-04-15,1840.0
2004-04-16,1825.0
2004-04-19,1810.0
2004-04-20,1820.0
2004-04-21,1825.0
2004-04-22,1820.0
2004-04-23,1830.0
2004-04-26,1840.0
2004-04-27,1870.0
2004-04-28,1860.0
2004-04-29,1805.0
2004-04-30,1800.0
2004-05-03,1725.0
2004-05-04,1770.0
2004-05-05,1775.0
2004-05-06,1720.0
2004-05-07,1665.0
2004-05-10,1570.0
2004-05-11,1540.0
2004-05-12,1440.0
2004-05-13,1340.0
2004-05-14,1510.0
2004-05-17,1440.0
2004-05-18,1450.0
2004-05-19,1500.0
2004-05-20,1500.0
2004-05-21,1470.0
2004-05-25,1450.0
2004-05-26,1440.0
2004-05-27,1430.0
2004-05-28,1440.0
2004-05-31,1470.0
2004-06-01,1500.0
2004-06-02,1580.0
2004-06-03,1585.0
2004-06-04,1615.0
2004-06-07,1650.0
2004-06-08,1620.0
2004-06-09,1570.0
2004-06-10,1600.0
2004-06-11,1570.0
2004-06-15,1650.0
2004-06-16,1655.0
2004-06-17,1635.0
2004-06-18,1650.0
2004-06-22,1625.0
2004-06-23,1600.0
2004-06-24,1610.0
2004-06-25,1605.0
2004-06-30,1600.0
2004-07-01,1605.0
2004-07-02,1575.0
2004-07-06,1550.0
2004-07-07,1520.0
2004-07-08,1520.0
2004-07-09,1580.0
2004-07-12,1540.0
2004-07-13,1560.0
2004-07-14,1560.0
2004-07-15,1580.0
2004-07-16,1580.0
2004-07-19,1555.0
2004-07-21,1550.0
2004-07-22,1530.0
2004-07-23,1535.0
2004-07-26,1550.0
2004-07-27,1510.0
2004-07-28,1515.0
2004-07-29,1515.0
2004-07-30,1535.0
2004-08-02,1480.0
2004-08-03,1450.0
2004-08-04,1465.0
2004-08-05,1480.0
2004-08-06,1465.0
2004-08-09,1475.0
2004-08-10,1430.0
2004-08-11,1390.0
2004-08-12,1440.0
2004-08-13,1415.0
2004-08-17,1400.0
2004-08-18,1390.0
2004-08-19,1435.0
2004-08-20,1460.0
2004-08-23,1475.0
2004-08-24,1500.0
2004-08-25,1520.0
2004-08-26,1500.0
2004-08-27,1505.0
2004-08-30,1480.0
2004-08-31,1500.0
2004-09-01,1520.0
2004-09-02,1520.0
2004-09-03,1550.0
2004-09-06,1540.0
2004-09-07,1540.0
2004-09-08,1610.0
2004-09-09,1585.0
2004-09-10,1570.0
2004-09-13,1600.0
2004-09-14,1630.0
2004-09-15,1650.0
2004-09-16,1640.0
2004-09-17,1630.0
2004-09-20,1640.0
2004-09-21,1665.0
2004-09-22,1700.0
2004-09-23,1750.0
2004-09-24,1720.0
2004-09-27,1710.0
2004-09-28,1690.0
2004-09-29,1670.0
2004-09-30,1665.0
2004-10-01,1670.0
2004-10-04,1685.0
2004-10-05,1700.0
2004-10-06,1700.0
2004-10-07,1680.0
2004-10-08,1720.0
2004-10-11,1710.0
2004-10-12,1720.0
2004-10-13,1705.0
2004-10-14,1740.0
2004-10-15,1750.0
2004-10-19,1715.0
2004-10-20,1710.0
2004-10-21,1730.0
2004-10-22,1760.0
2004-10-25,1780.0
2004-10-26,1780.0
2004-10-27,1770.0
2004-10-28,1780.0
2004-10-29,1800.0
2004-11-02,1900.0
2004-11-03,1965.0
2004-11-04,2030.0
2004-11-05,2100.0
2004-11-08,2090.0
2004-11-09,2085.0
2004-11-10,2120.0
2004-11-11,2160.0
2004-11-12,2180.0
2004-11-16,2090.0
2004-11-17,2045.0
2004-11-18,2085.0
2004-11-19,2095.0
2004-11-22,2100.0
2004-11-23,2110.0
2004-11-24,2080.0
2004-11-25,2065.0
2004-11-26,2065.0
2004-11-29,2055.0
2004-11-30,2050.0
2004-12-01,2040.0
2004-12-02,1995.0
2004-12-03,2005.0
2004-12-06,1960.0
2004-12-07,1965.0
2004-12-09,1950.0
2004-12-10,2025.0
2004-12-13,2070.0
2004-12-14,2065.0
2004-12-15,2015.0
2004-12-16,2000.0
2004-12-17,2050.0
2004-12-20,2040.0
2004-12-21,2040.0
2004-12-22,2070.0
2004-12-23,2075.0
2004-12-24,2070.0
2004-12-28,2105.0
2005-01-03,2075.0
2005-01-04,2075.0
2005-01-05,2070.0
2005-01-06,2055.0
2005-01-07,2040.0
2005-01-11,2050.0
2005-01-12,2065.0
2005-01-13,2070.0
2005-01-14,2050.0
2005-01-17,2040.0
2005-01-18,2050.0
2005-01-19,2070.0
2005-01-20,2060.0
2005-01-21,2050.0
2005-01-24,2030.0
2005-01-25,2060.0
2005-01-26,2035.0
2005-01-27,2045.0
2005-01-28,2070.0
2005-01-31,2120.0
2005-02-01,2200.0
2005-02-02,2260.0
2005-02-03,2270.0
2005-02-04,2290.0
2005-02-07,2275.0
2005-02-08,2265.0
2005-02-09,2275.0
2005-02-10,2285.0
2005-02-11,2255.0
2005-02-14,2235.0
2005-02-15,2220.0
2005-02-16,2210.0
2005-02-17,2180.0
2005-02-18,2260.0
2005-02-21,2230.0
2005-02-22,2270.0
2005-02-23,2310.0
2005-02-24,2400.0
2005-02-25,2415.0
2005-02-28,2410.0
2005-03-01,2300.0
2005-03-02,2330.0
2005-03-03,2260.0
2005-03-04,2270.0
2005-03-07,2265.0
2005-03-08,2230.0
2005-03-09,2230.0
2005-03-10,2210.0
2005-03-11,2215.0
2005-03-14,2125.0
2005-03-15,2020.0
2005-03-16,2090.0
2005-03-17,2165.0
2005-03-18,2195.0
2005-03-22,2175.0
2005-03-23,2175.0
2005-03-28,2100.0
2005-03-29,2115.0
2005-03-30,2125.0
2005-03-31,2180.0
2005-04-01,2200.0
2005-04-04,2125.0
2005-04-05,2150.0
2005-04-06,2155.0
2005-04-07,2185.0
2005-04-08,2170.0
2005-04-11,2175.0
2005-04-12,2170.0
2005-04-13,2185.0
2005-04-14,2200.0
2005-04-15,2185.0
2005-04-18,2150.0
2005-04-19,2170.0
2005-04-20,2200.0
2005-04-21,2250.0
2005-04-22,2295.0
2005-04-25,2375.0
2005-04-26,2350.0
2005-04-27,2380.0
2005-04-28,2390.0
2005-04-29,2390.0
2005-05-02,2390.0
2005-05-03,2375.0
2005-05-04,2390.0
2005-05-05,2400.0
2005-05-06,2410.0
2005-05-10,2415.0
2005-05-11,2420.0
2005-05-12,2425.0
2005-05-13,2410.0
2005-05-16,2390.0
2005-05-17,2400.0
2005-05-18,2415.0
2005-05-19,2405.0
2005-05-20,2395.0
2005-05-23,2390.0
2005-05-24,2375.0
2005-05-25,2390.0
2005-05-26,2410.0
2005-05-27,2410.0
2005-05-31,2410.0
2005-06-01,2465.0
2005-06-02,2470.0
2005-06-03,2545.0
2005-06-07,2575.0
2005-06-08,2560.0
2005-06-09,2540.0
2005-06-10,2555.0
2005-06-13,2530.0
2005-06-14,2580.0
2005-06-15,2605.0
2005-06-16,2615.0
2005-06-17,2685.0
2005-06-20,2720.0
2005-06-21,2770.0
2005-06-22,2770.0
2005-06-23,2790.0
2005-06-27,2730.0
2005-06-28,2745.0
2005-06-29,2785.0
2005-06-30,2810.0
2005-07-01,2900.0
2005-07-05,2900.0
2005-07-06,2905.0
2005-07-07,2980.0
2005-07-08,3050.0
2005-07-11,3130.0
2005-07-12,3015.0
2005-07-13,3045.0
2005-07-14,3045.0
2005-07-15,3060.0
2005-07-18,3160.0
2005-07-19,3180.0
2005-07-21,3250.0
2005-07-22,3300.0
2005-07-25,3340.0
2005-07-26,3300.0
2005-07-27,3265.0
2005-07-28,3295.0
2005-07-29,3300.0
2005-08-01,3400.0
2005-08-02,3430.0
2005-08-03,3480.0
2005-08-04,3400.0
2005-08-05,3500.0
2005-08-08,3640.0
2005-08-09,3770.0
2005-08-10,3840.0
2005-08-11,3900.0
2005-08-12,3835.0
2005-08-16,3850.0
2005-08-17,3900.0
2005-08-18,3935.0
2005-08-19,4000.0
2005-08-22,3910.0
2005-08-23,3760.0
2005-08-24,3820.0
2005-08-25,3875.0
2005-08-26,3720.0
2005-08-29,3530.0
2005-08-30,3545.0
2005-08-31,3820.0
2005-09-01,3860.0
2005-09-02,3960.0
2005-09-05,3870.0
2005-09-06,3830.0
2005-09-07,3880.0
2005-09-08,3800.0
2005-09-09,3780.0
2005-09-12,3660.0
2005-09-13,3665.0
2005-09-14,3750.0
2005-09-15,3750.0
2005-09-16,3710.0
2005-09-19,3730.0
2005-09-20,3750.0
2005-09-21,3690.0
2005-09-22,3695.0
2005-09-23,3650.0
2005-09-26,3610.0
2005-09-27,3605.0
2005-09-28,3610.0
2005-09-29,3640.0
2005-09-30,3740.0
2005-10-03,3890.0
2005-10-04,3860.0
2005-10-05,3880.0
2005-10-06,3750.0
2005-10-07,3795.0
2005-10-10,3600.0
2005-10-11,3675.0
2005-10-12,3765.0
2005-10-13,3765.0
2005-10-14,3840.0
2005-10-18,3830.0
2005-10-19,3850.0
2005-10-20,3880.0
2005-10-21,3840.0
2005-10-24,3830.0
2005-10-25,3830.0
2005-10-26,3800.0
2005-10-27,3780.0
2005-10-28,3800.0
2005-10-31,3850.0
2005-11-01,3900.0
2005-11-02,3950.0
2005-11-03,3960.0
2005-11-04,3940.0
2005-11-08,4000.0
2005-11-09,4050.0
2005-11-10,4170.0
2005-11-11,4400.0
2005-11-15,4350.0
2005-11-16,4500.0
2005-11-17,4560.0
2005-11-18,4525.0
2005-11-21,4560.0
2005-11-22,4680.0
2005-11-23,4700.0
2005-11-24,4700.0
2005-11-25,4760.0
2005-11-28,4900.0
2005-11-29,4925.0
2005-11-30,4890.0
2005-12-01,4900.0
2005-12-02,4880.0
2005-12-05,4995.0
2005-12-06,5100.0
2005-12-07,5020.0
2005-12-09,5140.0
2005-12-12,5150.0
2005-12-13,5030.0
2005-12-14,5150.0
2005-12-15,5170.0
2005-12-16,5080.0
2005-12-19,4910.0
2005-12-20,5000.0
2005-12-21,5110.0
2005-12-23,5170.0
2005-12-26,5300.0
2005-12-27,5410.0
2005-12-28,5430.0
2006-01-02,5410.0
2006-01-03,5520.0
2006-01-04,5550.0
2006-01-05,5550.0
2006-01-06,5600.0
2006-01-10,5890.0
2006-01-11,5880.0
2006-01-12,5880.0
2006-01-13,6030.0
2006-01-16,6050.0
2006-01-17,6140.0
2006-01-18,6000.0
2006-01-19,5900.0
2006-01-20,5930.0
2006-01-23,6090.0
2006-01-24,6050.0
2006-01-25,6050.0
2006-01-26,6010.0
2006-01-27,6070.0
2006-01-30,6010.0
2006-01-31,5980.0
2006-02-01,5750.0
2006-02-02,5890.0
2006-02-03,5810.0
2006-02-06,5550.0
2006-02-07,5260.0
2006-02-08,5100.0
2006-02-09,5400.0
2006-02-10,5800.0
2006-02-13,5980.0
2006-02-14,5800.0
2006-02-15,5760.0
2006-02-16,5740.0
2006-02-17,5770.0
2006-02-20,5800.0
2006-02-21,5850.0
2006-02-22,6010.0
2006-02-23,6100.0
2006-02-24,6150.0
2006-02-27,5900.0
2006-02-28,5930.0
2006-03-01,6010.0
2006-03-02,5950.0
2006-03-03,5820.0
2006-03-06,5600.0
2006-03-07,5600.0
2006-03-08,5780.0
2006-03-09,5820.0
2006-03-10,5900.0
2006-03-13,5820.0
2006-03-14,5760.0
2006-03-15,5860.0
2006-03-16,5900.0
2006-03-17,6100.0
2006-03-21,6080.0
2006-03-22,6010.0
2006-03-23,6020.0
2006-03-24,6090.0
2006-03-27,6040.0
2006-03-28,6030.0
2006-03-29,6080.0
2006-03-30,6050.0
2006-03-31,6080.0
2006-04-03,6080.0
2006-04-04,6130.0
2006-04-05,6180.0
2006-04-06,6050.0
2006-04-07,5930.0
2006-04-10,5870.0
2006-04-11,6000.0
2006-04-12,6050.0
2006-04-17,5980.0
2006-04-18,5970.0
2006-04-19,5940.0
2006-04-20,6080.0
2006-04-21,6040.0
2006-04-24,6010.0
2006-04-25,5980.0
2006-04-26,5940.0
2006-04-27,5970.0
2006-04-28,5920.0
2006-05-02,5890.0
2006-05-03,5900.0
2006-05-04,5790.0
2006-05-05,5780.0
2006-05-08,5780.0
2006-05-09,5770.0
2006-05-10,5800.0
2006-05-11,5610.0
2006-05-12,5520.0
2006-05-15,5300.0
2006-05-16,5100.0
2006-05-17,4940.0
2006-05-18,4455.0
2006-05-19,4990.0
2006-05-22,4600.0
2006-05-23,4900.0
2006-05-24,4720.0
2006-05-25,5050.0
2006-05-26,5450.0
2006-05-30,5090.0
2006-05-31,5190.0
2006-06-01,5150.0
2006-06-02,5350.0
2006-06-05,5160.0
2006-06-06,5150.0
2006-06-07,5300.0
2006-06-08,4470.0
2006-06-09,4600.0
2006-06-12,4140.0
2006-06-13,3805.0
2006-06-14,4115.0
2006-06-15,4900.0
2006-06-16,4890.0
2006-06-20,4790.0
2006-06-21,4900.0
2006-06-22,4700.0
2006-06-23,4595.0
2006-06-27,4415.0
2006-06-28,4690.0
2006-06-29,4900.0
2006-06-30,5160.0
2006-07-04,5280.0
2006-07-05,5180.0
2006-07-06,5190.0
2006-07-07,5140.0
2006-07-10,5200.0
2006-07-11,5100.0
2006-07-12,5030.0
2006-07-13,4910.0
2006-07-14,4810.0
2006-07-17,4705.0
2006-07-18,4800.0
2006-07-19,5020.0
2006-07-21,4950.0
2006-07-24,5050.0
2006-07-25,4950.0
2006-07-26,4985.0
2006-07-27,5040.0
2006-07-28,5000.0
2006-07-31,5100.0
2006-08-01,5000.0
2006-08-02,5090.0
2006-08-03,5140.0
2006-08-04,5060.0
2006-08-08,5250.0
2006-08-09,5300.0
2006-08-10,5310.0
2006-08-11,5210.0
2006-08-14,5180.0
2006-08-15,5200.0
2006-08-16,5320.0
2006-08-17,5340.0
2006-08-18,5260.0
2006-08-22,5300.0
2006-08-23,5250.0
2006-08-24,5150.0
2006-08-25,5180.0
2006-08-28,5200.0
2006-08-29,5280.0
2006-08-30,5200.0
2006-08-31,5290.0
2006-09-01,5250.0
2006-09-04,5210.0
2006-09-05,5150.0
2006-09-06,5080.0
2006-09-07,5100.0
2006-09-08,5100.0
2006-09-11,4975.0
2006-09-12,4920.0
2006-09-13,5100.0
2006-09-14,5200.0
2006-09-15,5200.0
2006-09-18,5100.0
2006-09-19,5050.0
2006-09-20,5130.0
2006-09-21,5080.0
2006-09-22,5050.0
2006-09-25,5000.0
2006-09-26,5250.0
2006-09-27,5260.0
2006-09-28,5320.0
2006-09-29,5380.0
2006-10-02,5340.0
2006-10-03,5480.0
2006-10-04,5420.0
2006-10-05,5450.0
2006-10-06,5400.0
2006-10-09,5360.0
2006-10-10,5340.0
2006-10-11,5330.0
2006-10-12,5280.0
2006-10-13,5340.0
2006-10-17,5320.0
2006-10-18,5310.0
2006-10-19,5410.0
2006-10-20,5490.0
2006-10-23,5400.0
2006-10-24,5460.0
2006-10-25,5500.0
2006-10-26,5600.0
2006-10-27,5640.0
2006-10-30,5620.0
2006-10-31,5680.0
2006-11-01,5670.0
2006-11-02,5600.0
2006-11-03,5570.0
2006-11-07,5600.0
2006-11-08,5640.0
2006-11-09,5560.0
2006-11-10,5560.0
2006-11-14,5670.0
2006-11-15,5620.0
2006-11-16,5500.0
2006-11-17,5520.0
2006-11-20,5550.0
2006-11-21,5480.0
2006-11-22,5470.0
2006-11-23,5400.0
2006-11-24,5410.0
2006-11-27,5360.0
2006-11-28,5470.0
2006-11-29,5480.0
2006-11-30,5310.0
2006-12-01,5430.0
2006-12-04,5520.0
2006-12-05,5550.0
2006-12-06,5550.0
2006-12-07,5540.0
2006-12-11,5570.0
2006-12-12,5610.0
2006-12-13,5630.0
2006-12-14,5770.0
2006-12-15,5850.0
2006-12-18,5900.0
2006-12-19,5920.0
2006-12-20,5900.0
2006-12-21,5950.0
2006-12-22,5980.0
2006-12-26,5900.0
2006-12-27,5900.0
2006-12-28,5910.0
2007-01-02,5810.0
2007-01-03,5790.0
2007-01-04,5790.0
2007-01-05,5700.0
2007-01-09,5500.0
2007-01-10,5600.0
2007-01-11,5720.0
2007-01-12,5750.0
2007-01-15,5780.0
2007-01-16,5780.0
2007-01-17,5750.0
2007-01-18,5730.0
2007-01-19,5740.0
2007-01-22,5640.0
2007-01-23,5760.0
2007-01-24,5760.0
2007-01-25,5760.0
2007-01-26,5750.0
2007-01-29,5690.0
2007-01-30,5750.0
2007-01-31,5830.0
2007-02-01,5930.0
2007-02-02,5890.0
2007-02-05,5850.0
2007-02-06,5800.0
2007-02-07,5750.0
2007-02-08,5800.0
2007-02-09,5840.0
2007-02-12,5760.0
2007-02-13,5790.0
2007-02-14,5800.0
2007-02-15,5800.0
2007-02-16,5820.0
2007-02-19,5790.0
2007-02-20,5840.0
2007-02-21,5760.0
2007-02-22,5740.0
2007-02-23,5620.0
2007-02-26,5600.0
2007-02-27,5460.0
2007-02-28,5600.0
2007-03-01,5600.0
2007-03-02,5660.0
2007-03-05,5480.0
2007-03-06,5480.0
2007-03-07,5610.0
2007-03-08,5710.0
2007-03-09,5830.0
2007-03-12,5800.0
2007-03-13,5750.0
2007-03-14,5670.0
2007-03-15,5630.0
2007-03-16,5700.0
2007-03-20,5760.0
2007-03-21,5740.0
2007-03-22,5820.0
2007-03-23,6010.0
2007-03-26,6030.0
2007-03-27,6090.0
2007-03-28,6000.0
2007-03-29,5960.0
2007-03-30,6000.0
2007-04-02,5880.0
2007-04-03,6040.0
2007-04-04,6090.0
2007-04-09,6100.0
2007-04-10,6100.0
2007-04-11,6040.0
2007-04-12,6120.0
2007-04-13,6140.0
2007-04-16,6110.0
2007-04-17,6070.0
2007-04-18,6100.0
2007-04-19,6100.0
2007-04-20,6210.0
2007-04-23,6340.0
2007-04-24,6280.0
2007-04-25,6300.0
2007-04-26,6300.0
2007-04-27,6290.0
2007-04-30,6200.0
2007-05-02,6070.0
2007-05-03,6210.0
2007-05-04,6220.0
2007-05-07,6340.0
2007-05-08,6330.0
2007-05-09,6570.0
2007-05-10,6640.0
2007-05-11,6820.0
2007-05-14,6660.0
2007-05-15,6700.0
2007-05-16,6630.0
2007-05-17,6550.0
2007-05-18,6760.0
2007-05-22,6700.0
2007-05-23,6730.0
2007-05-24,6560.0
2007-05-25,6710.0
2007-05-28,6710.0
2007-05-29,6700.0
2007-05-30,6570.0
2007-05-31,6620.0
2007-06-01,6650.0
2007-06-04,6640.0
2007-06-05,6650.0
2007-06-06,6520.0
2007-06-07,6590.0
2007-06-08,6530.0
2007-06-12,6600.0
2007-06-13,6670.0
2007-06-14,6720.0
2007-06-15,7300.0
2007-06-19,7560.0
2007-06-20,7290.0
2007-06-21,7390.0
2007-06-22,7320.0
2007-06-25,7190.0
2007-06-26,6910.0
2007-06-27,7030.0
2007-06-28,6940.0
2007-06-29,6900.0
2007-07-03,6920.0
2007-07-04,6900.0
2007-07-05,6880.0
2007-07-06,6910.0
2007-07-09,6850.0
2007-07-10,6700.0
2007-07-11,6750.0
2007-07-12,7000.0
2007-07-13,6940.0
2007-07-16,7160.0
2007-07-17,7250.0
2007-07-18,7240.0
2007-07-19,7380.0
2007-07-23,7320.0
2007-07-24,7490.0
2007-07-25,7390.0
2007-07-26,7310.0
2007-07-27,7340.0
2007-07-30,7200.0
2007-07-31,7300.0
2007-08-01,7130.0
2007-08-02,7180.0
2007-08-03,7110.0
2007-08-06,7150.0
2007-08-08,7200.0
2007-08-09,7150.0
2007-08-10,7080.0
2007-08-13,7030.0
2007-08-14,6990.0
2007-08-15,6900.0
2007-08-16,6450.0
2007-08-17,6820.0
2007-08-21,6870.0
2007-08-22,7020.0
2007-08-23,7060.0
2007-08-24,7160.0
2007-08-27,7140.0
2007-08-28,7000.0
2007-08-29,7020.0
2007-08-30,7090.0
2007-08-31,7050.0
2007-09-03,7060.0
2007-09-04,7100.0
2007-09-05,7040.0
2007-09-06,7060.0
2007-09-07,7000.0
2007-09-10,6930.0
2007-09-11,6930.0
2007-09-12,6940.0
2007-09-13,6880.0
2007-09-14,6800.0
2007-09-17,6790.0
2007-09-18,6820.0
2007-09-19,6860.0
2007-09-20,6850.0
2007-09-21,6910.0
2007-09-24,6700.0
2007-09-25,6900.0
2007-09-26,6910.0
2007-09-27,6880.0
2007-09-28,6810.0
2007-10-01,6900.0
2007-10-02,7000.0
2007-10-03,6980.0
2007-10-04,6920.0
2007-10-05,6980.0
2007-10-08,6940.0
2007-10-09,6830.0
2007-10-10,6770.0
2007-10-11,6780.0
2007-10-12,6710.0
2007-10-16,6700.0
2007-10-17,6550.0
2007-10-18,6480.0
2007-10-19,6450.0
2007-10-22,6370.0
2007-10-23,6460.0
2007-10-24,6400.0
2007-10-25,6460.0
2007-10-26,6570.0
2007-10-29,6600.0
2007-10-30,6530.0
2007-10-31,6490.0
2007-11-01,6500.0
2007-11-02,6610.0
2007-11-06,6750.0
2007-11-07,6870.0
2007-11-08,6880.0
2007-11-09,6820.0
2007-11-13,6840.0
2007-11-14,7000.0
2007-11-15,7100.0
2007-11-16,7100.0
2007-11-19,7060.0
2007-11-20,7170.0
2007-11-21,7200.0
2007-11-22,7270.0
2007-11-23,7410.0
2007-11-26,7320.0
2007-11-27,7260.0
2007-11-28,7220.0
2007-11-29,7150.0
2007-11-30,7100.0
2007-12-03,7090.0
2007-12-04,7000.0
2007-12-05,7130.0
2007-12-06,7160.0
2007-12-07,7180.0
2007-12-10,7200.0
2007-12-11,7230.0
2007-12-12,7200.0
2007-12-13,7190.0
2007-12-14,7220.0
2007-12-17,7160.0
2007-12-18,7000.0
2007-12-19,7030.0
2007-12-20,7100.0
2007-12-21,7140.0
2007-12-24,7200.0
2007-12-26,7140.0
2007-12-27,7090.0
2007-12-28,7100.0
2008-01-02,7090.0
2008-01-03,7090.0
2008-01-04,7100.0
2008-01-08,7020.0
2008-01-09,6950.0
2008-01-10,6990.0
2008-01-11,7000.0
2008-01-14,6810.0
2008-01-15,6890.0
2008-01-16,6710.0
2008-01-17,6590.0
2008-01-18,6320.0
2008-01-21,5890.0
2008-01-22,6400.0
2008-01-23,6500.0
2008-01-24,6780.0
2008-01-25,6850.0
2008-01-28,6700.0
2008-01-29,6750.0
2008-01-30,6700.0
2008-01-31,6840.0
2008-02-01,6820.0
2008-02-04,6900.0
2008-02-05,6760.0
2008-02-06,6710.0
2008-02-07,6600.0
2008-02-08,6780.0
2008-02-11,6820.0
2008-02-12,6810.0
2008-02-13,6960.0
2008-02-14,6980.0
2008-02-15,7000.0
2008-02-18,7050.0
2008-02-19,7050.0
2008-02-20,7010.0
2008-02-21,7060.0
2008-02-22,7090.0
2008-02-25,7060.0
2008-02-26,7100.0
2008-02-27,7100.0
2008-02-28,7090.0
2008-02-29,7000.0
2008-03-03,6990.0
2008-03-04,6740.0
2008-03-05,6920.0
2008-03-06,6850.0
2008-03-07,6900.0
2008-03-10,7050.0
2008-03-11,7050.0
2008-03-12,7060.0
2008-03-13,7030.0
2008-03-14,7100.0
2008-03-17,7010.0
2008-03-18,7050.0
2008-03-19,7100.0
2008-03-25,7050.0
2008-03-26,7100.0
2008-03-27,7100.0
2008-03-28,7100.0
2008-03-31,7040.0
2008-04-01,7190.0
2008-04-02,7240.0
2008-04-03,7230.0
2008-04-04,7260.0
2008-04-07,7360.0
2008-04-08,7390.0
2008-04-09,7490.0
2008-04-10,7310.0
2008-04-11,7260.0
2008-04-14,7290.0
2008-04-15,7300.0
2008-04-16,7340.0
2008-04-17,7340.0
2008-04-18,7530.0
2008-04-21,7440.0
2008-04-22,7430.0
2008-04-23,7400.0
2008-04-24,7420.0
2008-04-25,7450.0
2008-04-28,7590.0
2008-04-29,7510.0
2008-04-30,7790.0
2008-05-02,7880.0
2008-05-06,7940.0
2008-05-07,7850.0
2008-05-08,7790.0
2008-05-09,7800.0
2008-05-12,7810.0
2008-05-13,7810.0
2008-05-14,7890.0
2008-05-15,7840.0
2008-05-16,7800.0
2008-05-19,7800.0
2008-05-20,7850.0
2008-05-21,7770.0
2008-05-22,7830.0
2008-05-23,7780.0
2008-05-27,7790.0
2008-05-28,7740.0
2008-05-29,7790.0
2008-05-30,7900.0
2008-06-03,7720.0
2008-06-04,7790.0
2008-06-05,7760.0
2008-06-06,7700.0
2008-06-09,7670.0
2008-06-10,7650.0
2008-06-11,7630.0
2008-06-12,7630.0
2008-06-13,7670.0
2008-06-16,7790.0
2008-06-17,7770.0
2008-06-18,7830.0
2008-06-19,7710.0
2008-06-20,7810.0
2008-06-23,7770.0
2008-06-24,7820.0
2008-06-25,7820.0
2008-06-26,7710.0
2008-06-27,7690.0
2008-07-01,7700.0
2008-07-02,7650.0
2008-07-03,7610.0
2008-07-04,7700.0
2008-07-07,7680.0
2008-07-08,7700.0
2008-07-09,7670.0
2008-07-10,7660.0
2008-07-11,7620.0
2008-07-14,7640.0
2008-07-15,7500.0
2008-07-16,7410.0
2008-07-17,7400.0
2008-07-18,7450.0
2008-07-21,7500.0
2008-07-22,7530.0
2008-07-23,7500.0
2008-07-24,7460.0
2008-07-25,7550.0
2008-07-28,7520.0
2008-07-29,7460.0
2008-07-30,7500.0
2008-07-31,7550.0
2008-08-01,7500.0
2008-08-04,7460.0
2008-08-05,7430.0
2008-08-06,7450.0
2008-08-08,7490.0
2008-08-11,7440.0
2008-08-12,7430.0
2008-08-13,7450.0
2008-08-14,7420.0
2008-08-15,7430.0
2008-08-19,7460.0
2008-08-20,7530.0
2008-08-21,7560.0
2008-08-22,7560.0
2008-08-25,7560.0
2008-08-26,7610.0
2008-08-27,7610.0
2008-08-28,7810.0
2008-08-29,7810.0
2008-09-01,7990.0
2008-09-02,7950.0
2008-09-03,7810.0
2008-09-04,7730.0
2008-09-05,7700.0
2008-09-08,7830.0
2008-09-09,7760.0
2008-09-10,7830.0
2008-09-11,7780.0
2008-09-12,7800.0
2008-09-15,7700.0
2008-09-16,7470.0
2008-09-17,7450.0
2008-09-18,7480.0
2008-09-19,7750.0
2008-09-22,7800.0
2008-09-23,7630.0
2008-09-24,7700.0
2008-09-25,7800.0
2008-09-26,7730.0
2008-09-29,7680.0
2008-09-30,7730.0
2008-10-01,7660.0
2008-10-02,7540.0
2008-10-03,7540.0
2008-10-06,7440.0
2008-10-07,7260.0
2008-10-08,7200.0
2008-10-09,7080.0
2008-10-10,6510.0
2008-10-14,7120.0
2008-10-15,6740.0
2008-10-16,6710.0
2008-10-17,6900.0
2008-10-20,6850.0
2008-10-21,6800.0
2008-10-22,6400.0
2008-10-23,6000.0
2008-10-24,6000.0
2008-10-27,5750.0
2008-10-28,6090.0
2008-10-29,6360.0
2008-10-30,6640.0
2008-10-31,6820.0
2008-11-04,6950.0
2008-11-05,6780.0
2008-11-06,6510.0
2008-11-07,6730.0
2008-11-10,6810.0
2008-11-11,6740.0
2008-11-12,6660.0
2008-11-13,6600.0
2008-11-14,6800.0
2008-11-18,6600.0
2008-11-19,6590.0
2008-11-20,6600.0
2008-11-21,6620.0
2008-11-24,6810.0
2008-11-25,6930.0
2008-11-26,7010.0
2008-11-27,7170.0
2008-11-28,7160.0
2008-12-01,7000.0
2008-12-02,7100.0
2008-12-03,7180.0
2008-12-04,7150.0
2008-12-05,7150.0
2008-12-09,7310.0
2008-12-10,7400.0
2008-12-11,7400.0
2008-12-12,7390.0
2008-12-15,7440.0
2008-12-16,7350.0
2008-12-17,7330.0
2008-12-18,7300.0
2008-12-19,7400.0
2008-12-22,7280.0
2008-12-23,7200.0
2008-12-24,7220.0
2008-12-26,7240.0
2009-01-02,7200.0
2009-01-05,7200.0
2009-01-06,7400.0
2009-01-07,7300.0
2009-01-08,7400.0
2009-01-09,7380.0
2009-01-13,7400.0
2009-01-14,7300.0
2009-01-15,7400.0
2009-01-16,7300.0
2009-01-19,7300.0
2009-01-20,7300.0
2009-01-21,7320.0
2009-01-22,7340.0
2009-01-23,7280.0
2009-01-26,7320.0
2009-01-27,7380.0
2009-01-28,7410.0
2009-01-29,7360.0
2009-01-30,7440.0
2009-02-02,7290.0
2009-02-03,7340.0
2009-02-04,7320.0
2009-02-05,7340.0
2009-02-06,7350.0
2009-02-09,7400.0
2009-02-10,7280.0
2009-02-11,7280.0
2009-02-12,7250.0
2009-02-13,7430.0
2009-02-16,7320.0
2009-02-17,7300.0
2009-02-18,7250.0
2009-02-19,7250.0
2009-02-20,7200.0
2009-02-23,7210.0
2009-02-24,7250.0
2009-02-25,7250.0
2009-02-26,7350.0
2009-02-27,7300.0
2009-03-02,7200.0
2009-03-03,7240.0
2009-03-04,7250.0
2009-03-05,7210.0
2009-03-06,7240.0
2009-03-09,7220.0
2009-03-10,7260.0
2009-03-11,7250.0
2009-03-12,7270.0
2009-03-13,7290.0
2009-03-16,7270.0
2009-03-17,7350.0
2009-03-18,7400.0
2009-03-19,7500.0
2009-03-20,7500.0
2009-03-24,7500.0
2009-03-25,7450.0
2009-03-26,7390.0
2009-03-27,7390.0
2009-03-30,7350.0
2009-03-31,7440.0
2009-04-01,7540.0
2009-04-02,7700.0
2009-04-03,7640.0
2009-04-06,7680.0
2009-04-07,7600.0
2009-04-08,7500.0
2009-04-13,7570.0
2009-04-14,7700.0
2009-04-15,7930.0
2009-04-16,7950.0
2009-04-17,7800.0
2009-04-20,7680.0
2009-04-21,7750.0
2009-04-22,7800.0
2009-04-23,7850.0
2009-04-24,7970.0
2009-04-27,8040.0
2009-04-28,8180.0
2009-04-29,8390.0
2009-04-30,8150.0
2009-05-04,8450.0
2009-05-05,8550.0
2009-05-06,8500.0
2009-05-07,8380.0
2009-05-08,8620.0
2009-05-11,8460.0
2009-05-12,8500.0
2009-05-13,8400.0
2009-05-14,8500.0
2009-05-15,8640.0
2009-05-18,8600.0
2009-05-19,8600.0
2009-05-20,8520.0
2009-05-21,8330.0
2009-05-22,8430.0
2009-05-26,8590.0
2009-05-27,8580.0
2009-05-28,8700.0
2009-05-29,8700.0
2009-06-01,9000.0
2009-06-02,8950.0
2009-06-03,8900.0
2009-06-04,8950.0
2009-06-05,8880.0
2009-06-08,8850.0
2009-06-09,8870.0
2009-06-10,8910.0
2009-06-11,9000.0
2009-06-12,8880.0
2009-06-16,8790.0
2009-06-17,8940.0
2009-06-18,8920.0
2009-06-19,9060.0
2009-06-23,9100.0
2009-06-24,9070.0
2009-06-25,9070.0
2009-06-26,8980.0
2009-06-30,9130.0
2009-07-01,9290.0
2009-07-02,9220.0
2009-07-03,9200.0
2009-07-06,9120.0
2009-07-07,9150.0
2009-07-08,9240.0
2009-07-09,9100.0
2009-07-10,9150.0
2009-07-13,9120.0
2009-07-14,9140.0
2009-07-15,9110.0
2009-07-16,9190.0
2009-07-17,9250.0
2009-07-21,9450.0
2009-07-22,9600.0
2009-07-23,9820.0
2009-07-24,10000.0
2009-07-27,10020.0
2009-07-28,9910.0
2009-07-29,9820.0
2009-07-30,10040.0
2009-07-31,10400.0
2009-08-03,10500.0
2009-08-04,10420.0
2009-08-05,10360.0
2009-08-06,10460.0
2009-08-10,10420.0
2009-08-11,10320.0
2009-08-12,10600.0
2009-08-13,10560.0
2009-08-14,10600.0
2009-08-18,10560.0
2009-08-19,10720.0
2009-08-20,10960.0
2009-08-21,11300.0
2009-08-24,11820.0
2009-08-25,11640.0
2009-08-26,11480.0
2009-08-27,11360.0
2009-08-28,11400.0
2009-08-31,11300.0
2009-09-01,10900.0
2009-09-02,11140.0
2009-09-03,10980.0
2009-09-04,11160.0
2009-09-07,11360.0
2009-09-08,11540.0
2009-09-09,11580.0
2009-09-10,11620.0
2009-09-11,11580.0
2009-09-14,11460.0
2009-09-15,11800.0
2009-09-16,11720.0
2009-09-17,11720.0
2009-09-18,11900.0
2009-09-21,11800.0
2009-09-22,11760.0
2009-09-23,11740.0
2009-09-24,11940.0
2009-09-25,11960.0
2009-09-28,12260.0
2009-09-29,12140.0
2009-09-30,12200.0
2009-10-01,12180.0
2009-10-02,12300.0
2009-10-05,12300.0
2009-10-06,12800.0
2009-10-07,12940.0
2009-10-08,12700.0
2009-10-09,12980.0
2009-10-13,12520.0
2009-10-14,12300.0
2009-10-15,12380.0
2009-10-16,12380.0
2009-10-19,12400.0
2009-10-20,12380.0
2009-10-21,12200.0
2009-10-22,12160.0
2009-10-23,12140.0
2009-10-26,11980.0
2009-10-27,11840.0
2009-10-28,11800.0
2009-10-29,11900.0
2009-10-30,11620.0
2009-11-03,11580.0
2009-11-04,11300.0
2009-11-05,11360.0
2009-11-06,11340.0
2009-11-09,11580.0
2009-11-10,11700.0
2009-11-11,11820.0
2009-11-12,11760.0
2009-11-13,11640.0
2009-11-17,11620.0
2009-11-18,11440.0
2009-11-19,11460.0
2009-11-20,11460.0
2009-11-23,11440.0
2009-11-24,11420.0
2009-11-25,11620.0
2009-11-26,11600.0
2009-11-27,11860.0
2009-11-30,11420.0
2009-12-01,11940.0
2009-12-02,11820.0
2009-12-03,12100.0
2009-12-04,12140.0
2009-12-07,12480.0
2009-12-09,12700.0
2009-12-10,12560.0
2009-12-11,12920.0
2009-12-14,12880.0
2009-12-15,12880.0
2009-12-16,12960.0
2009-12-17,12960.0
2009-12-18,12900.0
2009-12-21,12900.0
2009-12-22,12860.0
2009-12-23,12960.0
2009-12-24,13100.0
2009-12-28,12920.0
2010-01-04,12960.0
2010-01-05,13000.0
2010-01-06,12900.0
2010-01-07,12920.0
2010-01-08,12700.0
2010-01-12,12580.0
2010-01-13,12720.0
2010-01-14,12880.0
2010-01-15,12880.0
2010-01-18,12760.0
2010-01-19,12700.0
2010-01-20,12660.0
2010-01-21,12460.0
2010-01-22,12500.0
2010-01-25,12300.0
2010-01-26,12460.0
2010-01-27,12500.0
2010-01-28,12460.0
2010-01-29,12680.0
2010-02-01,12500.0
2010-02-02,12460.0
2010-02-03,12460.0
2010-02-04,12220.0
2010-02-05,12280.0
2010-02-08,12240.0
2010-02-09,12420.0
2010-02-10,12480.0
2010-02-11,12580.0
2010-02-12,12540.0
2010-02-15,12580.0
2010-02-16,12660.0
2010-02-17,12580.0
2010-02-18,12580.0
2010-02-19,12740.0
2010-02-22,12720.0
2010-02-23,12760.0
2010-02-24,12980.0
2010-02-25,12800.0
2010-02-26,12880.0
2010-03-01,12740.0
2010-03-02,12700.0
2010-03-03,12800.0
2010-03-04,12720.0
2010-03-05,12700.0
2010-03-08,12740.0
2010-03-09,12700.0
2010-03-10,12700.0
2010-03-11,12680.0
2010-03-12,12600.0
2010-03-15,12600.0
2010-03-16,12740.0
2010-03-17,12820.0
2010-03-18,12800.0
2010-03-19,12600.0
2010-03-23,12700.0
2010-03-24,12660.0
2010-03-25,12600.0
2010-03-26,12600.0
2010-03-29,12600.0
2010-03-30,12640.0
2010-03-31,12800.0
2010-04-05,12900.0
2010-04-06,12880.0
2010-04-07,12860.0
2010-04-08,13040.0
2010-04-09,12920.0
2010-04-12,13000.0
2010-04-13,13060.0
2010-04-14,13080.0
2010-04-15,13000.0
2010-04-16,12940.0
2010-04-19,12860.0
2010-04-20,12900.0
2010-04-21,13000.0
2010-04-22,13060.0
2010-04-23,13120.0
2010-04-26,13040.0
2010-04-27,12960.0
2010-04-28,12940.0
2010-04-29,12960.0
2010-04-30,12980.0
2010-05-03,13160.0
2010-05-04,13160.0
2010-05-05,12900.0
2010-05-06,12500.0
2010-05-07,12500.0
2010-05-10,12700.0
2010-05-11,12700.0
2010-05-12,12700.0
2010-05-13,12820.0
2010-05-14,12840.0
2010-05-18,12500.0
2010-05-19,12360.0
2010-05-20,12180.0
2010-05-21,12120.0
2010-05-24,12280.0
2010-05-25,12240.0
2010-05-26,12800.0
2010-05-27,12560.0
2010-05-28,12800.0
2010-05-31,12720.0
2010-06-01,12660.0
2010-06-02,12640.0
2010-06-03,12740.0
2010-06-04,12600.0
2010-06-08,12680.0
2010-06-09,12660.0
2010-06-10,12780.0
2010-06-11,12700.0
2010-06-15,12720.0
2010-06-16,12760.0
2010-06-17,12800.0
2010-06-18,12900.0
2010-06-21,12760.0
2010-06-22,12800.0
2010-06-23,12900.0
2010-06-24,12900.0
2010-06-25,12940.0
2010-06-28,12880.0
2010-06-29,12820.0
2010-06-30,12800.0
2010-07-01,12660.0
2010-07-02,12600.0
2010-07-06,12660.0
2010-07-07,12660.0
2010-07-08,12700.0
2010-07-09,12720.0
2010-07-12,12700.0
2010-07-13,12760.0
2010-07-14,12860.0
2010-07-15,12840.0
2010-07-16,12760.0
2010-07-19,12780.0
2010-07-21,12940.0
2010-07-22,13000.0
2010-07-23,13060.0
2010-07-26,13080.0
2010-07-27,13080.0
2010-07-28,13040.0
2010-07-29,13060.0
2010-07-30,13080.0
2010-08-02,13000.0
2010-08-03,12940.0
2010-08-04,12900.0
2010-08-05,12860.0
2010-08-06,12740.0
2010-08-09,12740.0
2010-08-10,12760.0
2010-08-11,12620.0
2010-08-12,12600.0
2010-08-13,12540.0
2010-08-17,12680.0
2010-08-18,12700.0
2010-08-19,12740.0
2010-08-20,12660.0
2010-08-23,13000.0
2010-08-24,12800.0
2010-08-25,12800.0
2010-08-26,12960.0
2010-08-27,12900.0
2010-08-30,12920.0
2010-08-31,12960.0
2010-09-01,13140.0
2010-09-02,13140.0
2010-09-03,13100.0
2010-09-06,13180.0
2010-09-07,13300.0
2010-09-08,13560.0
2010-09-09,13660.0
2010-09-10,13360.0
2010-09-13,13500.0
2010-09-14,13560.0
2010-09-15,13540.0
2010-09-16,13520.0
2010-09-17,13600.0
2010-09-20,13600.0
2010-09-21,13780.0
2010-09-22,13800.0
2010-09-23,13600.0
2010-09-24,13700.0
2010-09-27,13900.0
2010-09-28,14180.0
2010-09-29,14120.0
2010-09-30,14100.0
2010-10-01,14020.0
2010-10-04,13980.0
2010-10-05,14100.0
2010-10-06,14120.0
2010-10-07,14080.0
2010-10-08,14180.0
2010-10-11,14600.0
2010-10-12,14560.0
2010-10-13,14980.0
2010-10-14,14700.0
2010-10-15,14320.0
2010-10-19,14280.0
2010-10-20,14180.0
2010-10-21,14400.0
2010-10-22,14760.0
2010-10-25,14600.0
2010-10-26,14500.0
2010-10-27,14400.0
2010-10-28,14480.0
2010-10-29,14600.0
2010-11-02,14500.0
2010-11-03,14460.0
2010-11-04,14460.0
2010-11-05,14300.0
2010-11-08,14280.0
2010-11-09,14360.0
2010-11-10,14200.0
2010-11-11,13620.0
2010-11-12,13500.0
2010-11-16,12980.0
2010-11-17,13280.0
2010-11-18,14000.0
2010-11-19,13400.0
2010-11-22,13300.0
2010-11-23,12960.0
2010-11-24,13280.0
2010-11-25,13320.0
2010-11-26,13160.0
2010-11-29,13400.0
2010-11-30,13500.0
2010-12-01,13540.0
2010-12-02,13820.0
2010-12-03,13840.0
2010-12-06,13760.0
2010-12-07,13760.0
2010-12-09,13760.0
2010-12-10,13960.0
2010-12-13,13860.0
2010-12-14,14020.0
2010-12-15,13800.0
2010-12-16,14000.0
2010-12-17,14000.0
2010-12-20,14020.0
2010-12-21,14200.0
2010-12-22,14360.0
2010-12-23,14360.0
2010-12-24,14300.0
2010-12-27,14400.0
2010-12-28,14200.0
2011-01-03,13960.0
2011-01-04,13940.0
2011-01-05,13640.0
2011-01-06,13500.0
2011-01-07,13960.0
2011-01-11,13620.0
2011-01-12,13700.0
2011-01-13,13840.0
2011-01-14,13800.0
2011-01-17,13880.0
2011-01-18,13800.0
2011-01-19,13780.0
2011-01-20,13440.0
2011-01-21,13460.0
2011-01-24,13500.0
2011-01-25,13400.0
2011-01-26,13400.0
2011-01-27,13740.0
2011-01-28,13600.0
2011-01-31,13200.0
2011-02-01,13160.0
2011-02-02,12940.0
2011-02-03,13060.0
2011-02-04,12880.0
2011-02-07,12640.0
2011-02-08,12800.0
2011-02-09,12500.0
2011-02-10,12520.0
2011-02-11,12640.0
2011-02-14,12540.0
2011-02-15,12500.0
2011-02-16,12460.0
2011-02-17,12360.0
2011-02-18,12160.0
2011-02-21,12260.0
2011-02-22,12320.0
2011-02-23,12420.0
2011-02-24,12380.0
2011-02-25,12300.0
2011-02-28,12780.0
2011-03-01,12760.0
2011-03-02,12860.0
2011-03-03,12840.0
2011-03-04,12880.0
2011-03-07,12920.0
2011-03-08,12700.0
2011-03-09,12600.0
2011-03-10,12500.0
2011-03-11,12220.0
2011-03-14,12720.0
2011-03-15,12300.0
2011-03-16,12360.0
2011-03-17,12920.0
2011-03-18,13000.0
2011-03-22,13100.0
2011-03-23,12880.0
2011-03-24,13020.0
2011-03-25,12860.0
2011-03-28,12900.0
2011-03-29,12780.0
2011-03-30,12700.0
2011-03-31,12720.0
2011-04-01,12640.0
2011-04-04,12500.0
2011-04-05,12360.0
2011-04-06,12320.0
2011-04-07,12500.0
2011-04-08,12260.0
2011-04-11,12340.0
2011-04-12,12340.0
2011-04-13,12220.0
2011-04-14,12300.0
2011-04-15,12240.0
2011-04-18,12220.0
2011-04-19,12220.0
2011-04-20,12520.0
2011-04-25,12300.0
2011-04-26,12500.0
2011-04-27,12460.0
2011-04-28,12520.0
2011-04-29,12540.0
2011-05-02,12500.0
2011-05-03,12300.0
2011-05-04,12180.0
2011-05-05,12040.0
2011-05-06,12140.0
2011-05-09,12280.0
2011-05-10,12260.0
2011-05-11,12440.0
2011-05-12,12300.0
2011-05-13,12280.0
2011-05-16,12400.0
2011-05-17,12500.0
2011-05-18,12500.0
2011-05-19,12460.0
2011-05-20,12460.0
2011-05-23,12500.0
2011-05-24,12800.0
2011-05-25,12740.0
2011-05-26,12780.0
2011-05-27,12840.0
2011-05-30,12780.0
2011-05-31,13040.0
2011-06-01,13000.0
2011-06-02,12980.0
2011-06-03,12860.0
2011-06-07,12860.0
2011-06-08,12900.0
2011-06-09,12980.0
2011-06-10,12960.0
2011-06-13,12980.0
2011-06-14,12980.0
2011-06-15,12800.0
2011-06-16,12780.0
2011-06-17,12740.0
2011-06-20,12600.0
2011-06-21,12640.0
2011-06-22,12800.0
2011-06-23,12720.0
2011-06-24,12760.0
2011-06-28,12660.0
2011-06-29,12860.0
2011-06-30,12860.0
2011-07-01,12860.0
2011-07-05,12860.0
2011-07-06,12640.0
2011-07-07,12640.0
2011-07-08,12540.0
2011-07-11,12080.0
2011-07-12,11960.0
2011-07-13,12200.0
2011-07-14,11960.0
2011-07-15,12000.0
2011-07-18,12000.0
2011-07-19,12340.0
2011-07-21,12260.0
2011-07-22,12380.0
2011-07-25,12260.0
2011-07-26,12380.0
2011-07-27,12220.0
2011-07-28,12280.0
2011-07-29,12240.0
2011-08-01,12260.0
2011-08-02,12180.0
2011-08-03,12100.0
2011-08-04,11700.0
2011-08-05,11600.0
2011-08-08,11300.0
2011-08-09,11480.0
2011-08-10,11920.0
2011-08-11,11780.0
2011-08-12,11800.0
2011-08-16,11980.0
2011-08-17,12000.0
2011-08-18,12000.0
2011-08-19,11800.0
2011-08-22,11680.0
2011-08-23,11780.0
2011-08-24,11740.0
2011-08-25,11760.0
2011-08-26,11860.0
2011-08-29,12060.0
2011-08-30,11960.0
2011-08-31,12200.0
2011-09-01,12000.0
2011-09-02,12200.0
2011-09-05,12180.0
2011-09-06,12120.0
2011-09-07,12140.0
2011-09-08,12040.0
2011-09-09,11960.0
2011-09-12,12040.0
2011-09-13,12040.0
2011-09-14,12140.0
2011-09-15,12220.0
2011-09-16,12240.0
2011-09-19,12300.0
2011-09-20,12300.0
2011-09-21,12280.0
2011-09-22,11960.0
2011-09-23,11940.0
2011-09-26,12020.0
2011-09-27,12020.0
2011-09-28,11860.0
2011-09-29,12000.0
2011-09-30,11600.0
2011-10-03,11360.0
2011-10-04,11580.0
2011-10-05,11580.0
2011-10-06,11560.0
2011-10-07,11700.0
2011-10-10,11980.0
2011-10-11,11760.0
2011-10-12,11800.0
2011-10-13,11800.0
2011-10-14,11860.0
2011-10-18,11920.0
2011-10-19,11600.0
2011-10-20,11780.0
2011-10-21,11700.0
2011-10-24,11640.0
2011-10-25,11620.0
2011-10-26,11700.0
2011-10-27,11880.0
2011-10-28,11800.0
2011-10-31,11900.0
2011-11-01,11660.0
2011-11-02,11680.0
2011-11-03,11660.0
2011-11-04,11880.0
2011-11-08,11940.0
2011-11-09,11640.0
2011-11-10,11740.0
2011-11-11,11800.0
2011-11-15,11820.0
2011-11-16,11700.0
2011-11-17,11700.0
2011-11-18,11600.0
2011-11-21,11560.0
2011-11-22,11280.0
2011-11-23,10900.0
2011-11-24,10700.0
2011-11-25,10360.0
2011-11-28,10300.0
2011-11-29,10400.0
2011-11-30,10520.0
2011-12-01,10800.0
2011-12-02,11100.0
2011-12-05,10880.0
2011-12-06,10760.0
2011-12-07,11280.0
2011-12-09,11060.0
2011-12-12,10860.0
2011-12-13,11060.0
2011-12-14,10800.0
2011-12-15,10720.0
2011-12-16,11100.0
2011-12-19,11260.0
2011-12-20,11420.0
2011-12-21,11680.0
2011-12-22,11880.0
2011-12-23,11680.0
2011-12-26,11480.0
2011-12-27,11400.0
2011-12-28,11600.0
2012-01-02,10980.0
2012-01-03,11160.0
2012-01-04,11440.0
2012-01-05,11440.0
2012-01-06,11440.0
2012-01-10,11200.0
2012-01-11,11100.0
2012-01-12,11000.0
2012-01-13,11080.0
2012-01-16,10940.0
2012-01-17,10980.0
2012-01-18,11080.0
2012-01-19,11020.0
2012-01-20,10980.0
2012-01-23,10860.0
2012-01-24,11000.0
2012-01-25,10700.0
2012-01-26,10760.0
2012-01-27,10700.0
2012-01-30,10680.0
2012-01-31,11220.0
2012-02-01,11140.0
2012-02-02,11200.0
2012-02-03,11300.0
2012-02-06,11300.0
2012-02-07,11240.0
2012-02-08,11260.0
2012-02-09,11140.0
2012-02-10,11100.0
2012-02-13,11120.0
2012-02-14,11260.0
2012-02-15,11040.0
2012-02-16,11280.0
2012-02-17,11280.0
2012-02-20,11340.0
2012-02-21,11140.0
2012-02-22,11120.0
2012-02-23,11180.0
2012-02-24,11200.0
2012-02-27,11220.0
2012-02-28,10900.0
2012-02-29,11400.0
2012-03-01,11360.0
2012-03-02,11420.0
2012-03-05,11480.0
2012-03-06,11400.0
2012-03-07,11240.0
2012-03-08,11220.0
2012-03-09,11200.0
2012-03-12,11160.0
2012-03-13,11160.0
2012-03-14,11220.0
2012-03-15,11180.0
2012-03-16,11000.0
2012-03-20,11160.0
2012-03-21,11100.0
2012-03-22,11000.0
2012-03-23,11260.0
2012-03-26,11260.0
2012-03-27,11220.0
2012-03-28,11040.0
2012-03-29,11220.0
2012-03-30,11300.0
2012-04-02,11080.0
2012-04-03,11100.0
2012-04-04,11180.0
2012-04-09,11040.0
2012-04-10,11000.0
2012-04-11,11000.0
2012-04-12,11260.0
2012-04-13,11020.0
2012-04-16,11060.0
2012-04-17,11100.0
2012-04-18,11100.0
2012-04-19,11060.0
2012-04-20,11200.0
2012-04-23,11120.0
2012-04-24,11080.0
2012-04-25,11200.0
2012-04-26,11200.0
2012-04-27,11180.0
2012-04-30,11400.0
2012-05-02,11700.0
2012-05-03,11760.0
2012-05-04,11900.0
2012-05-07,11740.0
2012-05-08,11740.0
2012-05-09,11780.0
2012-05-10,11640.0
2012-05-11,11800.0
2012-05-14,11740.0
2012-05-15,11880.0
2012-05-16,11700.0
2012-05-17,11240.0
2012-05-18,11600.0
2012-05-22,11420.0
2012-05-23,11320.0
2012-05-24,11480.0
2012-05-25,11240.0
2012-05-28,11200.0
2012-05-29,11100.0
2012-05-30,10920.0
2012-05-31,11420.0
2012-06-01,11060.0
2012-06-04,11060.0
2012-06-05,10900.0
2012-06-06,11000.0
2012-06-07,11100.0
2012-06-08,10900.0
2012-06-12,10620.0
2012-06-13,10620.0
2012-06-14,11080.0
2012-06-15,10840.0
2012-06-19,11000.0
2012-06-20,11400.0
2012-06-21,11040.0
2012-06-22,11200.0
2012-06-25,10980.0
2012-06-26,11000.0
2012-06-27,11100.0
2012-06-28,11120.0
2012-06-29,11600.0
2012-07-03,11660.0
2012-07-04,11380.0
2012-07-05,11280.0
2012-07-06,11500.0
2012-07-09,11220.0
2012-07-10,11480.0
2012-07-11,11500.0
2012-07-12,11340.0
2012-07-13,11500.0
2012-07-16,11600.0
2012-07-17,11680.0
2012-07-18,11700.0
2012-07-19,11780.0
2012-07-23,11660.0
2012-07-24,11760.0
2012-07-25,11500.0
2012-07-26,11760.0
2012-07-27,11840.0
2012-07-30,11600.0
2012-07-31,11400.0
2012-08-01,11400.0
2012-08-02,11380.0
2012-08-03,11280.0
2012-08-06,11300.0
2012-08-08,11000.0
2012-08-09,11040.0
2012-08-10,11060.0
2012-08-13,11100.0
2012-08-14,11280.0
2012-08-15,11300.0
2012-08-16,11320.0
2012-08-17,11320.0
2012-08-21,11180.0
2012-08-22,11180.0
2012-08-23,11280.0
2012-08-24,11120.0
2012-08-27,11280.0
2012-08-28,11340.0
2012-08-29,11380.0
2012-08-30,11500.0
2012-08-31,10960.0
2012-09-03,10480.0
2012-09-04,10780.0
2012-09-05,10440.0
2012-09-06,10720.0
2012-09-07,10780.0
2012-09-10,10740.0
2012-09-11,10620.0
2012-09-12,10160.0
2012-09-13,10080.0
2012-09-14,10000.0
2012-09-17,9110.0
2012-09-18,9510.0
2012-09-19,9720.0
2012-09-20,9680.0
2012-09-21,9880.0
2012-09-24,9980.0
2012-09-25,9740.0
2012-09-26,9890.0
2012-09-27,9900.0
2012-09-28,9520.0
2012-10-01,9580.0
2012-10-02,9600.0
2012-10-03,9560.0
2012-10-04,9530.0
2012-10-05,9240.0
2012-10-08,9140.0
2012-10-09,9220.0
2012-10-10,9230.0
2012-10-11,9230.0
2012-10-12,9200.0
2012-10-16,9200.0
2012-10-17,9460.0
2012-10-18,9490.0
2012-10-19,9470.0
2012-10-22,9650.0
2012-10-23,9650.0
2012-10-24,9660.0
2012-10-25,9950.0
2012-10-26,9930.0
2012-10-29,9930.0
2012-10-30,9940.0
2012-10-31,9920.0
2012-11-01,9460.0
2012-11-02,9230.0
2012-11-06,9300.0
2012-11-07,9100.0
2012-11-08,9300.0
2012-11-09,9300.0
2012-11-13,9140.0
2012-11-14,9010.0
2012-11-15,8890.0
2012-11-16,8650.0
2012-11-19,8300.0
2012-11-20,8370.0
2012-11-21,8540.0
2012-11-22,8600.0
2012-11-23,8500.0
2012-11-26,8560.0
2012-11-27,8700.0
2012-11-28,8870.0
2012-11-29,8980.0
2012-11-30,9500.0
2012-12-03,9200.0
2012-12-04,9400.0
2012-12-05,9500.0
2012-12-06,9600.0
2012-12-07,9680.0
2012-12-10,9700.0
2012-12-11,9800.0
2012-12-12,9860.0
2012-12-13,9900.0
2012-12-14,9790.0
2012-12-17,9880.0
2012-12-18,9850.0
2012-12-19,9890.0
2012-12-20,9900.0
2012-12-21,9750.0
2012-12-24,9900.0
2012-12-26,9670.0
2012-12-27,9880.0
2012-12-28,9600.0
2013-01-02,9600.0
2013-01-03,9600.0
2013-01-04,9670.0
2013-01-08,9330.0
2013-01-09,9570.0
2013-01-10,9450.0
2013-01-11,9590.0
2013-01-14,9500.0
2013-01-15,9400.0
2013-01-16,9600.0
2013-01-17,9600.0
2013-01-18,9690.0
2013-01-21,9700.0
2013-01-22,9770.0
2013-01-23,9830.0
2013-01-24,9800.0
2013-01-25,9900.0
2013-01-28,9910.0
2013-01-29,9960.0
2013-01-30,10180.0
2013-01-31,9990.0
2013-02-01,10200.0
2013-02-04,10080.0
2013-02-05,10200.0
2013-02-06,10060.0
2013-02-07,10000.0
2013-02-08,9990.0
2013-02-11,9980.0
2013-02-12,10040.0
2013-02-13,10080.0
2013-02-14,10080.0
2013-02-15,10080.0
2013-02-18,10080.0
2013-02-19,10040.0
2013-02-20,9980.0
2013-02-21,9970.0
2013-02-22,10060.0
2013-02-25,10000.0
2013-02-26,9930.0
2013-02-27,9900.0
2013-02-28,9800.0
2013-03-01,9740.0
2013-03-04,9540.0
2013-03-05,9460.0
2013-03-06,9460.0
2013-03-07,9200.0
2013-03-08,9070.0
2013-03-11,9010.0
2013-03-12,9160.0
2013-03-13,9140.0
2013-03-14,9140.0
2013-03-15,9480.0
2013-03-18,9150.0
2013-03-19,9000.0
2013-03-20,8920.0
2013-03-21,9150.0
2013-03-22,8950.0
2013-03-26,8900.0
2013-03-27,9000.0
2013-04-01,8910.0
2013-04-02,8810.0
2013-04-03,8660.0
2013-04-04,8760.0
2013-04-05,8850.0
2013-04-08,8590.0
2013-04-09,8800.0
2013-04-10,8980.0
2013-04-11,9000.0
2013-04-12,8830.0
2013-04-15,8510.0
2013-04-16,8600.0
2013-04-17,8600.0
2013-04-18,8880.0
2013-04-19,8900.0
2013-04-22,8980.0
2013-04-23,8840.0
2013-04-24,8890.0
2013-04-25,8870.0
2013-04-26,8620.0
2013-04-29,8580.0
2013-04-30,8400.0
2013-05-02,8550.0
2013-05-03,8600.0
2013-05-06,8450.0
2013-05-07,8380.0
2013-05-08,8400.0
2013-05-09,8340.0
2013-05-10,8200.0
2013-05-14,7960.0
2013-05-15,8090.0
2013-05-16,8060.0
2013-05-17,8150.0
2013-05-20,8030.0
2013-05-21,8000.0
2013-05-22,8340.0
2013-05-23,8430.0
2013-05-24,8370.0
2013-05-27,8290.0
2013-05-28,8220.0
2013-05-29,8220.0
2013-05-30,8200.0
2013-05-31,7940.0
2013-06-04,8080.0
2013-06-05,8050.0
2013-06-06,8090.0
2013-06-07,7960.0
2013-06-11,7960.0
2013-06-12,7590.0
2013-06-13,7650.0
2013-06-14,7600.0
2013-06-17,7620.0
2013-06-18,7620.0
2013-06-19,7880.0
2013-06-20,7830.0
2013-06-21,7400.0
2013-06-24,7350.0
2013-06-25,7400.0
2013-06-26,7430.0
2013-06-27,7410.0
2013-06-28,7570.0
2013-07-02,7550.0
2013-07-03,7600.0
2013-07-04,7510.0
2013-07-05,7410.0
2013-07-08,7430.0
2013-07-09,7430.0
2013-07-10,7440.0
2013-07-11,7650.0
2013-07-12,7850.0
2013-07-15,7840.0
2013-07-16,7810.0
2013-07-17,8200.0
2013-07-18,8180.0
2013-07-19,8200.0
2013-07-22,8070.0
2013-07-23,8300.0
2013-07-24,8500.0
2013-07-25,8600.0
2013-07-26,8500.0
2013-07-29,8350.0
2013-07-30,8320.0
2013-07-31,8040.0
2013-08-01,8370.0
2013-08-02,8700.0
2013-08-05,8800.0
2013-08-06,8640.0
2013-08-08,8680.0
2013-08-09,8900.0
2013-08-12,8890.0
2013-08-13,8930.0
2013-08-14,9180.0
2013-08-15,9220.0
2013-08-16,9080.0
2013-08-20,9090.0
2013-08-21,9140.0
2013-08-22,9070.0
2013-08-23,9030.0
2013-08-26,9030.0
2013-08-27,9020.0
2013-08-28,9230.0
2013-08-29,9160.0
2013-08-30,9240.0
2013-09-02,9220.0
2013-09-03,9320.0
2013-09-04,9360.0
2013-09-05,9310.0
2013-09-06,9320.0
2013-09-09,9380.0
2013-09-10,9640.0
2013-09-11,9650.0
2013-09-12,9600.0
2013-09-13,9650.0
2013-09-16,9580.0
2013-09-17,9740.0
2013-09-18,9720.0
2013-09-19,9660.0
2013-09-20,9620.0
2013-09-23,9750.0
2013-09-24,9710.0
2013-09-25,9700.0
2013-09-26,9620.0
2013-09-27,9700.0
2013-09-30,9450.0
2013-10-01,9490.0
2013-10-02,9310.0
2013-10-03,9320.0
2013-10-04,9310.0
2013-10-07,9450.0
2013-10-08,9480.0
2013-10-09,9490.0
2013-10-10,9400.0
2013-10-11,9380.0
2013-10-15,9360.0
2013-10-16,9350.0
2013-10-17,9400.0
2013-10-18,9580.0
2013-10-21,9680.0
2013-10-22,9660.0
2013-10-23,9540.0
2013-10-24,9440.0
2013-10-25,9350.0
2013-10-28,9320.0
2013-10-29,9400.0
2013-10-30,9490.0
2013-10-31,9360.0
2013-11-01,9480.0
2013-11-05,9450.0
2013-11-06,9230.0
2013-11-07,8960.0
2013-11-08,8870.0
2013-11-12,8720.0
2013-11-13,8800.0
2013-11-14,8880.0
2013-11-15,8860.0
2013-11-18,8750.0
2013-11-19,8870.0
2013-11-20,8600.0
2013-11-21,8700.0
2013-11-22,8630.0
2013-11-25,8690.0
2013-11-26,8800.0
2013-11-27,8900.0
2013-11-28,8860.0
2013-11-29,8620.0
2013-12-02,8700.0
2013-12-03,8970.0
2013-12-04,8570.0
2013-12-05,8800.0
2013-12-06,8700.0
2013-12-09,8920.0
2013-12-10,8900.0
2013-12-11,9040.0
2013-12-12,9100.0
2013-12-13,9000.0
2013-12-16,8840.0
2013-12-17,9120.0
2013-12-18,9030.0
2013-12-19,9060.0
2013-12-20,8810.0
2013-12-23,8600.0
2013-12-24,8970.0
2013-12-26,8870.0
2013-12-27,8920.0
2014-01-02,9050.0
2014-01-03,8980.0
2014-01-07,8650.0
2014-01-08,8870.0
2014-01-09,8820.0
2014-01-10,8890.0
2014-01-13,8890.0
2014-01-14,8790.0
2014-01-15,8720.0
2014-01-16,8370.0
2014-01-17,8340.0
2014-01-20,8500.0
2014-01-21,8360.0
2014-01-22,8400.0
2014-01-23,8120.0
2014-01-24,8280.0
2014-01-27,8140.0
2014-01-28,7700.0
2014-01-29,7600.0
2014-01-30,7650.0
2014-01-31,7420.0
2014-02-03,7580.0
2014-02-04,7640.0
2014-02-05,7750.0
2014-02-06,7760.0
2014-02-07,7870.0
2014-02-10,7780.0
2014-02-11,7630.0
2014-02-12,7520.0
2014-02-13,7630.0
2014-02-14,7700.0
2014-02-17,7600.0
2014-02-18,7480.0
2014-02-19,7570.0
2014-02-20,7330.0
2014-02-21,7420.0
2014-02-24,7470.0
2014-02-25,7430.0
2014-02-26,7500.0
2014-02-27,7600.0
2014-02-28,7600.0
2014-03-03,7420.0
2014-03-04,7550.0
2014-03-05,7750.0
2014-03-06,7860.0
2014-03-07,7830.0
2014-03-10,7850.0
2014-03-11,8020.0
2014-03-12,8030.0
2014-03-13,8150.0
2014-03-14,8080.0
2014-03-17,8190.0
2014-03-18,8150.0
2014-03-19,8090.0
2014-03-20,8140.0
2014-03-21,8300.0
2014-03-25,8580.0
2014-03-26,8600.0
2014-03-27,8710.0
2014-03-28,8780.0
2014-03-31,8790.0
2014-04-01,8890.0
2014-04-02,9080.0
2014-04-03,9120.0
2014-04-04,9010.0
2014-04-07,8970.0
2014-04-08,9000.0
2014-04-09,9030.0
2014-04-10,9050.0
2014-04-11,9000.0
2014-04-14,9090.0
2014-04-15,8960.0
2014-04-16,9080.0
2014-04-21,8930.0
2014-04-22,8920.0
2014-04-23,8910.0
2014-04-24,8990.0
2014-04-25,8970.0
2014-04-28,8920.0
2014-04-29,8950.0
2014-04-30,9080.0
2014-05-02,9040.0
2014-05-05,8900.0
2014-05-06,8870.0
2014-05-07,9060.0
2014-05-08,9370.0
2014-05-09,9460.0
2014-05-12,9500.0
2014-05-13,9520.0
2014-05-14,9450.0
2014-05-15,9400.0
2014-05-16,9500.0
2014-05-19,9440.0
2014-05-20,9480.0
2014-05-21,9500.0
2014-05-22,9590.0
2014-05-23,9600.0
2014-05-26,9450.0
2014-05-27,9360.0
2014-05-28,9150.0
2014-05-29,9240.0
2014-05-30,9000.0
2014-06-03,9170.0
2014-06-04,9190.0
2014-06-05,9300.0
2014-06-06,9210.0
2014-06-09,9170.0
2014-06-10,9310.0
2014-06-11,9300.0
2014-06-12,9190.0
2014-06-13,9210.0
2014-06-16,9270.0
2014-06-17,9310.0
2014-06-18,9460.0
2014-06-19,9500.0
2014-06-20,9450.0
2014-06-24,9490.0
2014-06-25,9490.0
2014-06-26,9350.0
2014-06-27,9170.0
2014-07-01,9140.0
2014-07-02,9140.0
2014-07-03,9190.0
2014-07-04,9160.0
2014-07-07,9110.0
2014-07-08,9120.0
2014-07-09,9080.0
2014-07-10,9080.0
2014-07-11,9080.0
2014-07-14,9130.0
2014-07-15,9000.0
2014-07-16,8980.0
2014-07-17,8940.0
2014-07-18,9030.0
2014-07-21,9050.0
2014-07-22,9070.0
2014-07-23,9090.0
2014-07-24,9120.0
2014-07-25,9150.0
2014-07-28,9280.0
2014-07-29,9290.0
2014-07-30,9290.0
2014-07-31,9230.0
2014-08-01,9200.0
2014-08-04,9180.0
2014-08-05,9190.0
2014-08-06,9200.0
2014-08-08,9270.0
2014-08-11,9300.0
2014-08-12,9410.0
2014-08-13,9450.0
2014-08-14,9450.0
2014-08-15,9440.0
2014-08-19,9450.0
2014-08-20,9550.0
2014-08-21,9670.0
2014-08-22,9620.0
2014-08-25,9590.0
2014-08-26,9560.0
2014-08-27,9670.0
2014-08-28,9640.0
2014-08-29,9700.0
2014-09-01,9740.0
2014-09-02,9800.0
2014-09-03,9720.0
2014-09-04,9680.0
2014-09-05,9510.0
2014-09-08,9540.0
2014-09-09,9420.0
2014-09-10,9530.0
2014-09-11,9360.0
2014-09-12,9360.0
2014-09-15,9400.0
2014-09-16,9360.0
2014-09-17,9490.0
2014-09-18,9550.0
2014-09-19,9520.0
2014-09-22,9470.0
2014-09-23,9350.0
2014-09-24,9250.0
2014-09-25,9300.0
2014-09-26,9250.0
2014-09-29,9340.0
2014-09-30,9260.0
2014-10-01,9000.0
2014-10-02,8880.0
2014-10-03,9200.0
2014-10-06,9380.0
2014-10-07,9280.0
2014-10-08,9060.0
2014-10-09,9000.0
2014-10-10,8750.0
2014-10-14,8210.0
2014-10-15,8230.0
2014-10-16,8230.0
2014-10-17,8420.0
2014-10-20,8300.0
2014-10-21,8230.0
2014-10-22,8430.0
2014-10-23,8600.0
2014-10-24,8700.0
2014-10-27,8660.0
2014-10-28,8660.0
2014-10-29,8620.0
2014-10-30,8600.0
2014-10-31,8800.0
2014-11-04,8890.0
2014-11-05,9000.0
2014-11-06,9100.0
2014-11-07,9000.0
2014-11-10,8980.0
2014-11-11,8960.0
2014-11-12,8900.0
2014-11-13,8780.0
2014-11-14,8970.0
2014-11-18,8810.0
2014-11-19,8800.0
2014-11-20,8940.0
2014-11-21,8730.0
2014-11-24,8830.0
2014-11-25,8470.0
2014-11-26,8110.0
2014-11-27,8130.0
2014-11-28,8200.0
2014-12-01,8170.0
2014-12-02,8000.0
2014-12-03,8140.0
2014-12-04,8070.0
2014-12-05,8140.0
2014-12-09,8280.0
2014-12-10,7840.0
2014-12-11,7650.0
2014-12-12,7790.0
2014-12-15,7420.0
2014-12-16,7500.0
2014-12-17,7890.0
2014-12-18,8010.0
2014-12-19,8100.0
2014-12-22,8540.0
2014-12-23,8710.0
2014-12-24,8640.0
2014-12-26,8640.0
2015-01-02,8600.0
2015-01-05,7930.0
2015-01-06,7850.0
2015-01-07,7920.0
2015-01-08,8000.0
2015-01-09,8280.0
2015-01-13,7850.0
2015-01-14,7780.0
2015-01-15,7720.0
2015-01-16,7630.0
2015-01-19,7550.0
2015-01-20,7600.0
2015-01-21,7730.0
2015-01-22,8060.0
2015-01-23,7960.0
2015-01-26,7800.0
2015-01-27,8000.0
2015-01-28,7840.0
2015-01-29,7740.0
2015-01-30,7500.0
2015-02-02,7570.0
2015-02-03,7760.0
2015-02-04,7970.0
2015-02-05,8020.0
2015-02-06,8120.0
2015-02-09,7930.0
2015-02-10,7700.0
2015-02-11,7690.0
2015-02-12,7730.0
2015-02-13,7900.0
2015-02-16,7950.0
2015-02-17,7960.0
2015-02-18,7900.0
2015-02-19,7810.0
2015-02-20,7810.0
2015-02-23,7880.0
2015-02-24,7870.0
2015-02-25,7820.0
2015-02-26,7870.0
2015-02-27,7810.0
2015-03-02,7760.0
2015-03-03,7650.0
2015-03-04,7660.0
2015-03-05,7660.0
2015-03-06,7450.0
2015-03-09,7600.0
2015-03-10,7450.0
2015-03-11,7300.0
2015-03-12,7360.0
2015-03-13,7390.0
2015-03-16,7400.0
2015-03-17,7450.0
2015-03-18,7510.0
2015-03-19,7410.0
2015-03-20,7380.0
2015-03-24,7410.0
2015-03-25,7400.0
2015-03-26,7420.0
2015-03-27,7400.0
2015-03-30,7400.0
2015-03-31,7430.0
2015-04-01,7660.0
2015-04-06,7730.0
2015-04-07,7740.0
2015-04-08,7800.0
2015-04-09,7880.0
2015-04-10,7850.0
2015-04-13,7900.0
2015-04-14,7950.0
2015-04-15,7870.0
2015-04-16,7960.0
2015-04-17,7970.0
2015-04-20,7970.0
2015-04-21,7950.0
2015-04-22,7940.0
2015-04-23,8080.0
2015-04-24,8100.0
2015-04-27,8300.0
2015-04-28,8360.0
2015-04-29,8290.0
2015-04-30,8000.0
2015-05-04,8110.0
2015-05-05,8400.0
2015-05-06,8400.0
2015-05-07,8120.0
2015-05-08,8170.0
2015-05-11,8080.0
2015-05-12,8130.0
2015-05-13,8060.0
2015-05-14,8020.0
2015-05-15,8050.0
2015-05-19,8190.0
2015-05-20,8220.0
2015-05-21,8200.0
2015-05-22,8130.0
2015-05-25,8130.0
2015-05-26,8010.0
2015-05-27,7850.0
2015-05-28,7830.0
2015-05-29,8190.0
2015-06-01,8110.0
2015-06-02,7920.0
2015-06-03,7920.0
2015-06-04,7980.0
2015-06-05,7880.0
2015-06-09,7820.0
2015-06-10,7710.0
2015-06-11,7710.0
2015-06-12,7610.0
2015-06-16,7540.0
2015-06-17,7600.0
2015-06-18,7590.0
2015-06-19,7410.0
2015-06-22,7450.0
2015-06-23,7600.0
2015-06-24,7580.0
2015-06-25,7450.0
2015-06-26,7360.0
2015-06-30,7350.0
2015-07-01,7210.0
2015-07-02,7250.0
2015-07-03,7250.0
2015-07-06,7280.0
2015-07-07,7300.0
2015-07-08,7210.0
2015-07-09,7240.0
2015-07-10,7240.0
2015-07-13,7290.0
2015-07-14,7450.0
2015-07-15,7480.0
2015-07-16,7410.0
2015-07-17,7330.0
2015-07-21,7150.0
2015-07-22,7200.0
2015-07-23,7110.0
2015-07-24,7090.0
2015-07-27,6940.0
2015-07-28,6950.0
2015-07-29,7190.0
2015-07-30,7160.0
2015-07-31,7080.0
2015-08-03,7020.0
2015-08-04,7030.0
2015-08-05,7090.0
2015-08-06,7000.0
2015-08-10,7120.0
2015-08-11,7060.0
2015-08-12,7050.0
2015-08-13,6780.0
2015-08-14,6900.0
2015-08-18,6800.0
2015-08-19,6860.0
2015-08-20,6670.0
2015-08-21,6310.0
2015-08-24,5720.0
2015-08-25,5420.0
2015-08-26,5610.0
2015-08-27,6230.0
2015-08-28,6300.0
2015-08-31,6640.0
2015-09-01,6500.0
2015-09-02,6420.0
2015-09-03,6700.0
2015-09-04,6700.0
2015-09-07,6710.0
2015-09-08,6680.0
2015-09-09,7000.0
2015-09-10,7050.0
2015-09-11,7000.0
2015-09-14,7040.0
2015-09-15,7150.0
2015-09-16,7190.0
2015-09-17,7210.0
2015-09-18,7000.0
2015-09-21,6840.0
2015-09-22,6990.0
2015-09-23,7000.0
2015-09-24,6970.0
2015-09-25,7000.0
2015-09-28,6830.0
2015-09-29,6830.0
2015-09-30,7150.0
2015-10-01,7120.0
2015-10-02,7180.0
2015-10-05,7280.0
2015-10-06,7350.0
2015-10-07,7320.0
2015-10-08,7280.0
2015-10-09,7060.0
2015-10-13,7230.0
2015-10-14,7020.0
2015-10-15,6940.0
2015-10-16,7080.0
2015-10-19,6870.0
2015-10-20,6700.0
2015-10-21,6790.0
2015-10-22,6870.0
2015-10-23,6880.0
2015-10-26,6890.0
2015-10-27,6900.0
2015-10-28,7000.0
2015-10-29,6930.0
2015-10-30,6940.0
2015-11-03,7000.0
2015-11-04,7170.0
2015-11-05,7240.0
2015-11-06,7200.0
2015-11-09,7120.0
2015-11-10,7100.0
2015-11-11,7000.0
2015-11-12,6830.0
2015-11-13,6790.0
2015-11-17,6300.0
2015-11-18,6580.0
2015-11-19,6660.0
2015-11-20,6770.0
2015-11-23,6620.0
2015-11-24,6630.0
2015-11-25,6690.0
2015-11-26,6600.0
2015-11-27,6540.0
2015-11-30,6800.0
2015-12-01,6650.0
2015-12-02,6600.0
2015-12-03,6800.0
2015-12-04,6700.0
2015-12-07,6690.0
2015-12-09,6700.0
2015-12-10,6770.0
2015-12-11,6900.0
2015-12-14,6980.0
2015-12-15,6990.0
2015-12-16,7000.0
2015-12-17,7080.0
2015-12-18,7300.0
2015-12-21,7190.0
2015-12-22,7100.0
2015-12-23,7170.0
2015-12-24,7060.0
2015-12-28,7210.0
2016-01-04,7050.0
2016-01-05,7180.0
2016-01-06,7080.0
2016-01-07,7180.0
2016-01-08,7040.0
2016-01-12,7170.0
2016-01-13,7180.0
2016-01-14,7200.0
2016-01-15,6900.0
2016-01-18,6870.0
2016-01-19,7180.0
2016-01-20,7130.0
2016-01-21,7190.0
2016-01-22,7250.0
2016-01-25,7090.0
2016-01-26,7150.0
2016-01-27,7160.0
2016-01-28,7240.0
2016-01-29,7360.0
2016-02-01,7490.0
2016-02-02,7670.0
2016-02-03,7580.0
2016-02-04,7600.0
2016-02-05,7500.0
2016-02-08,7480.0
2016-02-09,7570.0
2016-02-10,7650.0
2016-02-11,7680.0
2016-02-12,7660.0
2016-02-15,7760.0
2016-02-16,7650.0
2016-02-17,7780.0
2016-02-18,7840.0
2016-02-19,7860.0
2016-02-22,7890.0
2016-02-23,7950.0
2016-02-24,7940.0
2016-02-25,7970.0
2016-02-26,7900.0
2016-02-29,7750.0
2016-03-01,8000.0
2016-03-02,8040.0
2016-03-03,8110.0
2016-03-04,8190.0
2016-03-07,8260.0
2016-03-08,8240.0
2016-03-09,8260.0
2016-03-10,8220.0
2016-03-11,8190.0
2016-03-14,8190.0
2016-03-15,8190.0
2016-03-16,8180.0
2016-03-17,8240.0
2016-03-18,8420.0
2016-03-22,8600.0
2016-03-23,8700.0
2016-03-28,8700.0
2016-03-29,8670.0
2016-03-30,8700.0
2016-03-31,8650.0
2016-04-01,8590.0
2016-04-04,8590.0
2016-04-05,8420.0
2016-04-06,8450.0
2016-04-07,8380.0
2016-04-08,8380.0
2016-04-11,8450.0
2016-04-12,8590.0
2016-04-13,8640.0
2016-04-14,8600.0
2016-04-15,8600.0
2016-04-18,8740.0
2016-04-19,8750.0
2016-04-20,8800.0
2016-04-21,8700.0
2016-04-22,8740.0
2016-04-25,8660.0
2016-04-26,8850.0
2016-04-27,8850.0
2016-04-28,8850.0
2016-04-29,8700.0
2016-05-02,8640.0
2016-05-03,8580.0
2016-05-04,8620.0
2016-05-05,8410.0
2016-05-06,8500.0
2016-05-10,8700.0
2016-05-11,8820.0
2016-05-12,8850.0
2016-05-13,8830.0
2016-05-16,8890.0
2016-05-17,8770.0
2016-05-18,8700.0
2016-05-19,8700.0
2016-05-20,8760.0
2016-05-23,8850.0
2016-05-24,8930.0
2016-05-25,8900.0
2016-05-26,8760.0
2016-05-27,8900.0
2016-05-31,8800.0
2016-06-01,8860.0
2016-06-02,8810.0
2016-06-03,8810.0
2016-06-07,8890.0
2016-06-08,8850.0
2016-06-09,8860.0
2016-06-10,8830.0
2016-06-13,8800.0
2016-06-14,8720.0
2016-06-15,8680.0
2016-06-16,8640.0
2016-06-17,8610.0
2016-06-20,8720.0
2016-06-21,8860.0
2016-06-22,8870.0
2016-06-23,8900.0
2016-06-24,8900.0
2016-06-27,8800.0
2016-06-28,8790.0
2016-06-29,8810.0
2016-06-30,8940.0
2016-07-01,8920.0
2016-07-05,8920.0
2016-07-06,9000.0
2016-07-07,8820.0
2016-07-08,8800.0
2016-07-11,8950.0
2016-07-12,9100.0
2016-07-13,9170.0
2016-07-14,9200.0
2016-07-15,9180.0
2016-07-18,9130.0
2016-07-19,9190.0
2016-07-21,9100.0
2016-07-22,9190.0
2016-07-25,9120.0
2016-07-26,9100.0
2016-07-27,9130.0
2016-07-28,9150.0
2016-07-29,9090.0
2016-08-01,9130.0
2016-08-02,9160.0
2016-08-03,9100.0
2016-08-04,9170.0
2016-08-05,9270.0
2016-08-08,9350.0
2016-08-09,9410.0
2016-08-10,9400.0
2016-08-11,9480.0
2016-08-12,9450.0
2016-08-16,9700.0
2016-08-17,9670.0
2016-08-18,9650.0
2016-08-19,9610.0
2016-08-22,9620.0
2016-08-23,9700.0
2016-08-24,9800.0
2016-08-25,9860.0
2016-08-26,9890.0
2016-08-29,9880.0
2016-08-30,9820.0
2016-08-31,9900.0
2016-09-01,9860.0
2016-09-02,9850.0
2016-09-05,9900.0
2016-09-06,9970.0
2016-09-07,10200.0
2016-09-08,10220.0
2016-09-09,9800.0
2016-09-12,9660.0
2016-09-13,9640.0
2016-09-14,9890.0
2016-09-15,9900.0
2016-09-16,10080.0
2016-09-19,9980.0
2016-09-20,10040.0
2016-09-21,9930.0
2016-09-22,10040.0
2016-09-23,10000.0
2016-09-26,9860.0
2016-09-27,9700.0
2016-09-28,9930.0
2016-09-29,9680.0
2016-09-30,9750.0
2016-10-03,9650.0
2016-10-04,9740.0
2016-10-05,9660.0
2016-10-06,9720.0
2016-10-07,9790.0
2016-10-10,9740.0
2016-10-11,9850.0
2016-10-12,9840.0
2016-10-13,9820.0
2016-10-14,9900.0
2016-10-18,9930.0
2016-10-19,9930.0
2016-10-20,9930.0
2016-10-21,9940.0
2016-10-24,9900.0
2016-10-25,9960.0
2016-10-26,9970.0
2016-10-27,10000.0
2016-10-28,10000.0
2016-10-31,9990.0
2016-11-01,10060.0
2016-11-02,10160.0
2016-11-03,10200.0
2016-11-04,10100.0
2016-11-08,10160.0
2016-11-09,10240.0
2016-11-10,9940.0
2016-11-11,9800.0
2016-11-15,9740.0
2016-11-16,9820.0
2016-11-17,9950.0
2016-11-18,9930.0
2016-11-21,9950.0
2016-11-22,9950.0
2016-11-23,9990.0
2016-11-24,9940.0
2016-11-25,9940.0
2016-11-28,9950.0
2016-11-29,9900.0
2016-11-30,9900.0
2016-12-01,10000.0
2016-12-02,10100.0
2016-12-05,10160.0
2016-12-06,10200.0
2016-12-07,10260.0
2016-12-09,10180.0
2016-12-12,10060.0
2016-12-13,10060.0
2016-12-14,9970.0
2016-12-15,9960.0
2016-12-16,9980.0
2016-12-19,9970.0
2016-12-20,9980.0
2016-12-21,9900.0
2016-12-22,9850.0
2016-12-23,9820.0
2016-12-26,9840.0
2016-12-27,9910.0
2016-12-28,9980.0
2017-01-02,9930.0
2017-01-03,9960.0
2017-01-04,10080.0
2017-01-05,10140.0
2017-01-06,10180.0
2017-01-10,10140.0
2017-01-11,10120.0
2017-01-12,10100.0
2017-01-13,10120.0
2017-01-16,10060.0
2017-01-17,10080.0
2017-01-18,10160.0
2017-01-19,10140.0
2017-01-20,10140.0
2017-01-23,10140.0
2017-01-24,10200.0
2017-01-25,10260.0
2017-01-26,10400.0
2017-01-27,10520.0
2017-01-30,10500.0
2017-01-31,10560.0
2017-02-01,10480.0
2017-02-02,10540.0
2017-02-03,10640.0
2017-02-06,10760.0
2017-02-07,10620.0
2017-02-08,10520.0
2017-02-09,10600.0
2017-02-10,10560.0
2017-02-13,10740.0
2017-02-14,10600.0
2017-02-15,10700.0
2017-02-16,10800.0
2017-02-17,10840.0
2017-02-20,10760.0
2017-02-21,10780.0
2017-02-22,10800.0
2017-02-23,10980.0
2017-02-24,11260.0
2017-02-27,11220.0
2017-02-28,11200.0
2017-03-01,11440.0
2017-03-02,11380.0
2017-03-03,11320.0
2017-03-06,11340.0
2017-03-07,11340.0
2017-03-08,11420.0
2017-03-09,11340.0
2017-03-10,11360.0
2017-03-13,11400.0
2017-03-14,11240.0
2017-03-15,11340.0
2017-03-16,11380.0
2017-03-17,11480.0
2017-03-21,11680.0
2017-03-22,11580.0
2017-03-23,11660.0
2017-03-24,11560.0
2017-03-27,11540.0
2017-03-28,11560.0
2017-03-29,11520.0
2017-03-30,11600.0
2017-03-31,11600.0
2017-04-03,11540.0
2017-04-04,11520.0
2017-04-05,11580.0
2017-04-06,11520.0
2017-04-07,11620.0
2017-04-10,11640.0
2017-04-11,11600.0
2017-04-12,11700.0
2017-04-17,11660.0
2017-04-18,11660.0
2017-04-19,11500.0
2017-04-20,11420.0
2017-04-21,11440.0
2017-04-24,11540.0
2017-04-25,11560.0
2017-04-26,11640.0
2017-04-27,11640.0
2017-04-28,11660.0
2017-05-02,11700.0
2017-05-03,11680.0
2017-05-04,11560.0
2017-05-05,11640.0
2017-05-08,11860.0
2017-05-09,11860.0
2017-05-10,12180.0
2017-05-11,12280.0
2017-05-12,12400.0
2017-05-15,12680.0
2017-05-16,12580.0
2017-05-17,12660.0
2017-05-18,12640.0
2017-05-19,12240.0
2017-05-22,12620.0
2017-05-23,13000.0
2017-05-24,13320.0
2017-05-25,13480.0
2017-05-26,13940.0
2017-05-30,13820.0
2017-05-31,14100.0
2017-06-01,14180.0
2017-06-02,14000.0
2017-06-05,13860.0
2017-06-06,14000.0
2017-06-07,13880.0
2017-06-08,13860.0
2017-06-09,13480.0
2017-06-12,13300.0
2017-06-13,13500.0
2017-06-14,13640.0
2017-06-15,13760.0
2017-06-16,13520.0
2017-06-20,13600.0
2017-06-21,13400.0
2017-06-22,13460.0
2017-06-23,13600.0
2017-06-27,13380.0
2017-06-28,13460.0
2017-06-29,13500.0
2017-06-30,13340.0
2017-07-04,13460.0
2017-07-05,13700.0
2017-07-06,13640.0
2017-07-07,13500.0
2017-07-10,13480.0
2017-07-11,13440.0
2017-07-12,13560.0
2017-07-13,13540.0
2017-07-14,13500.0
2017-07-17,13500.0
2017-07-18,13500.0
2017-07-19,13380.0
2017-07-21,13460.0
2017-07-24,13420.0
2017-07-25,13480.0
2017-07-26,13400.0
2017-07-27,13460.0
2017-07-28,13460.0
2017-07-31,13680.0
2017-08-01,13600.0
2017-08-02,13580.0
2017-08-03,13480.0
2017-08-04,13460.0
2017-08-08,13180.0
2017-08-09,13380.0
2017-08-10,13480.0
2017-08-11,13400.0
2017-08-14,13520.0
2017-08-15,13460.0
2017-08-16,13600.0
2017-08-17,13440.0
2017-08-18,13480.0
2017-08-22,13600.0
2017-08-23,13520.0
2017-08-24,13500.0
2017-08-25,13520.0
2017-08-28,13580.0
2017-08-29,13560.0
2017-08-30,13500.0
2017-08-31,13360.0
2017-09-01,13460.0
2017-09-04,13480.0
2017-09-05,13640.0
2017-09-06,13580.0
2017-09-07,13700.0
2017-09-08,13700.0
2017-09-11,13700.0
2017-09-12,13400.0
2017-09-13,13500.0
2017-09-14,13560.0
2017-09-15,13720.0
2017-09-18,13820.0
2017-09-19,13760.0
2017-09-20,13620.0
2017-09-21,13580.0
2017-09-22,13620.0
2017-09-25,13700.0
2017-09-26,13600.0
2017-09-27,13780.0
2017-09-28,13820.0
2017-09-29,13680.0
2017-10-02,13660.0
2017-10-03,13760.0
2017-10-04,13700.0
2017-10-05,13720.0
2017-10-06,13960.0
2017-10-09,13860.0
2017-10-10,13880.0
2017-10-11,13680.0
2017-10-12,13880.0
2017-10-13,13860.0
2017-10-17,13800.0
2017-10-18,13740.0
2017-10-19,13580.0
2017-10-20,13420.0
2017-10-23,13400.0
2017-10-24,13420.0
2017-10-25,13620.0
2017-10-26,13520.0
2017-10-27,13400.0
2017-10-30,13300.0
2017-10-31,13320.0
2017-11-01,13420.0
2017-11-02,13360.0
2017-11-03,13340.0
2017-11-07,13460.0
2017-11-08,13380.0
2017-11-09,13360.0
2017-11-10,13300.0
2017-11-14,13280.0
2017-11-15,13200.0
2017-11-16,13260.0
2017-11-17,13260.0
2017-11-20,13480.0
2017-11-21,13420.0
2017-11-22,13460.0
2017-11-23,13540.0
2017-11-24,13500.0
2017-11-27,13580.0
2017-11-28,13780.0
2017-11-29,13780.0
2017-11-30,13800.0
2017-12-01,13840.0
2017-12-04,13960.0
2017-12-05,13860.0
2017-12-06,13720.0
2017-12-07,13680.0
2017-12-11,13700.0
2017-12-12,13900.0
2017-12-13,13920.0
2017-12-14,14280.0
2017-12-15,14120.0
2017-12-18,14060.0
2017-12-19,14100.0
2017-12-20,14020.0
2017-12-21,14060.0
2017-12-22,14280.0
2017-12-26,14220.0
2017-12-27,14320.0
2017-12-28,14200.0
2018-01-02,14140.0
2018-01-03,14240.0
2018-01-04,14140.0
2018-01-05,14200.0
2018-01-09,14280.0
2018-01-10,14280.0
2018-01-11,14320.0
2018-01-12,14400.0
2018-01-15,14260.0
2018-01-16,14400.0
2018-01-17,14580.0
2018-01-18,14620.0
2018-01-19,14580.0
2018-01-22,14540.0
2018-01-23,14520.0
2018-01-24,14420.0
2018-01-25,14480.0
2018-01-26,14400.0
2018-01-29,14500.0
2018-01-30,14400.0
2018-01-31,14300.0
2018-02-01,14480.0
2018-02-02,14700.0
2018-02-05,14300.0
2018-02-06,14220.0
2018-02-07,14360.0
2018-02-08,14180.0
2018-02-09,14000.0
2018-02-12,13900.0
2018-02-13,13720.0
2018-02-14,13780.0
2018-02-15,13760.0
2018-02-16,13720.0
2018-02-19,13540.0
2018-02-20,13300.0
2018-02-21,13600.0
2018-02-22,13740.0
2018-02-23,13800.0
2018-02-26,13800.0
2018-02-27,13960.0
2018-02-28,13700.0
2018-03-01,13800.0
2018-03-02,13200.0
2018-03-05,13400.0
2018-03-06,13540.0
2018-03-07,13400.0
2018-03-08,13320.0
2018-03-09,13200.0
2018-03-12,13200.0
2018-03-13,13020.0
2018-03-14,12980.0
2018-03-15,12820.0
2018-03-16,12840.0
2018-03-20,12940.0
2018-03-21,13000.0
2018-03-22,13260.0
2018-03-23,13160.0
2018-03-26,13080.0
2018-03-27,13080.0
2018-03-28,13320.0
2018-04-02,13420.0
2018-04-03,13660.0
2018-04-04,13560.0
2018-04-05,13880.0
2018-04-06,13980.0
2018-04-09,14320.0
2018-04-10,14420.0
2018-04-11,14120.0
2018-04-12,14120.0
2018-04-13,13860.0
2018-04-16,13980.0
2018-04-17,14380.0
2018-04-18,14700.0
2018-04-19,14840.0
2018-04-20,14880.0
2018-04-23,15100.0
2018-04-24,14500.0
2018-04-25,14900.0
2018-04-26,14640.0
2018-04-27,14400.0
2018-04-30,14480.0
2018-05-02,14320.0
2018-05-03,13980.0
2018-05-04,13800.0
2018-05-07,13900.0
2018-05-08,13760.0
2018-05-09,13820.0
2018-05-10,14080.0
2018-05-11,13960.0
2018-05-15,14460.0
2018-05-16,14080.0
2018-05-17,13800.0
2018-05-18,13860.0
2018-05-21,13900.0
2018-05-22,14040.0
2018-05-23,14260.0
2018-05-24,14140.0
2018-05-25,14100.0
2018-05-28,13980.0
2018-05-29,14060.0
2018-05-30,14000.0
2018-05-31,14160.0
2018-06-01,14400.0
2018-06-05,14380.0
2018-06-06,14400.0
2018-06-07,14560.0
2018-06-08,14640.0
2018-06-12,14760.0
2018-06-13,14600.0
2018-06-14,14420.0
2018-06-15,14000.0
2018-06-18,14120.0
2018-06-19,13720.0
2018-06-20,13640.0
2018-06-21,13700.0
2018-06-22,13660.0
2018-06-25,13900.0
2018-06-26,14260.0
2018-06-27,14220.0
2018-06-28,14400.0
2018-06-29,14500.0
2018-07-03,14020.0
2018-07-04,14500.0
2018-07-05,14500.0
2018-07-06,14140.0
2018-07-09,14160.0
2018-07-10,14220.0
2018-07-11,14060.0
2018-07-12,13940.0
2018-07-13,14020.0
2018-07-16,14160.0
2018-07-17,14180.0
2018-07-18,14240.0
2018-07-19,14280.0
2018-07-23,14320.0
2018-07-24,14240.0
2018-07-25,13800.0
2018-07-26,14280.0
2018-07-27,14300.0
2018-07-30,14400.0
2018-07-31,14200.0
2018-08-01,13980.0
2018-08-02,13820.0
2018-08-03,13720.0
2018-08-06,13720.0
2018-08-08,13980.0
2018-08-09,13900.0
2018-08-10,13840.0
2018-08-13,13680.0
2018-08-14,13740.0
2018-08-15,13840.0
2018-08-16,13640.0
2018-08-17,13580.0
2018-08-21,13660.0
2018-08-22,13680.0
2018-08-23,13800.0
2018-08-24,13880.0
2018-08-27,13880.0
2018-08-28,13760.0
2018-08-29,13600.0
2018-08-30,13560.0
2018-08-31,13520.0
2018-09-03,13440.0
2018-09-04,13420.0
2018-09-05,12920.0
2018-09-06,13020.0
2018-09-07,13160.0
2018-09-10,13460.0
2018-09-11,13480.0
2018-09-12,13380.0
2018-09-13,13640.0
2018-09-14,13540.0
2018-09-17,13120.0
2018-09-18,13500.0
2018-09-19,13380.0
2018-09-20,13020.0
2018-09-21,13600.0
2018-09-24,13260.0
2018-09-25,13180.0
2018-09-26,13220.0
2018-09-27,13380.0
2018-09-28,13380.0
2018-10-01,13380.0
2018-10-02,13400.0
2018-10-03,13660.0
2018-10-04,13760.0
2018-10-05,13400.0
2018-10-08,13180.0
2018-10-09,13000.0
2018-10-10,12840.0
2018-10-11,12720.0
2018-10-12,13200.0
2018-10-16,13340.0
2018-10-17,13180.0
2018-10-18,12960.0
2018-10-19,12800.0
2018-10-22,12200.0
2018-10-23,12380.0
2018-10-24,12300.0
2018-10-25,12140.0
2018-10-26,12000.0
2018-10-29,11740.0
2018-10-30,11920.0
2018-10-31,11960.0
2018-11-01,12280.0
2018-11-02,12560.0
2018-11-06,13000.0
2018-11-07,13480.0
2018-11-08,13580.0
2018-11-09,13200.0
2018-11-13,12740.0
2018-11-14,13220.0
2018-11-15,13220.0
2018-11-16,13420.0
2018-11-19,13120.0
2018-11-20,12900.0
2018-11-21,12900.0
2018-11-22,12860.0
2018-11-23,12900.0
2018-11-26,13240.0
2018-11-27,12900.0
2018-11-28,12940.0
2018-11-29,13020.0
2018-11-30,12940.0
2018-12-03,13000.0
2018-12-04,13440.0
2018-12-05,13480.0
2018-12-06,13580.0
2018-12-07,13740.0
2018-12-10,13740.0
2018-12-11,13720.0
2018-12-12,13740.0
2018-12-13,13780.0
2018-12-14,13780.0
2018-12-17,13800.0
2018-12-18,13700.0
2018-12-19,14080.0
2018-12-20,13700.0
2018-12-21,14000.0
2018-12-24,14300.0
2018-12-26,14280.0
2018-12-27,14000.0
2018-12-28,13980.0
2019-01-02,14000.0
2019-01-03,14340.0
2019-01-04,14500.0
2019-01-08,14620.0
2019-01-09,14160.0
2019-01-10,14220.0
2019-01-11,14380.0
2019-01-14,14200.0
2019-01-15,14220.0
2019-01-16,13880.0
2019-01-17,13920.0
2019-01-18,13980.0
2019-01-21,13960.0
2019-01-22,14000.0
2019-01-23,14120.0
2019-01-24,14180.0
2019-01-25,14040.0
2019-01-28,13960.0
2019-01-29,14000.0
2019-01-30,13960.0
2019-01-31,13920.0
2019-02-01,13920.0
2019-02-04,13900.0
2019-02-05,14080.0
2019-02-06,14100.0
2019-02-07,13960.0
2019-02-08,13900.0
2019-02-11,13940.0
2019-02-12,13940.0
2019-02-13,13960.0
2019-02-14,14000.0
2019-02-15,14120.0
2019-02-18,14100.0
2019-02-19,14060.0
2019-02-20,14100.0
2019-02-21,14060.0
2019-02-22,14020.0
2019-02-25,14020.0
2019-02-26,14040.0
2019-02-27,14080.0
2019-02-28,13980.0
2019-03-01,14040.0
2019-03-04,13980.0
2019-03-05,14000.0
2019-03-06,14140.0
2019-03-07,14140.0
2019-03-08,14200.0
2019-03-11,14280.0
2019-03-12,14340.0
2019-03-13,14880.0
2019-03-14,15000.0
2019-03-15,15480.0
2019-03-18,16480.0
2019-03-19,16700.0
2019-03-20,16400.0
2019-03-21,16100.0
2019-03-22,16080.0
2019-03-26,16740.0
2019-03-27,16300.0
2019-03-28,15900.0
2019-03-29,15960.0
2019-04-01,16200.0
2019-04-02,16160.0
2019-04-03,16220.0
2019-04-04,16080.0
2019-04-05,15880.0
2019-04-08,15820.0
2019-04-09,16200.0
2019-04-10,16300.0
2019-04-11,16220.0
2019-04-12,16100.0
2019-04-15,15520.0
2019-04-16,15500.0
2019-04-17,16300.0
2019-04-22,16100.0
2019-04-23,16000.0
2019-04-24,16120.0
2019-04-25,16020.0
2019-04-26,16280.0
2019-04-29,16200.0
2019-04-30,15820.0
2019-05-02,15960.0
2019-05-03,16080.0
2019-05-06,16000.0
2019-05-07,15940.0
2019-05-08,15820.0
2019-05-09,15780.0
2019-05-10,15640.0
2019-05-13,15500.0
2019-05-14,15540.0
2019-05-15,15720.0
2019-05-16,15720.0
2019-05-17,15640.0
2019-05-20,15660.0
2019-05-21,15760.0
2019-05-22,15780.0
2019-05-23,15780.0
2019-05-24,15800.0
2019-05-27,15800.0
2019-05-28,15580.0
2019-05-29,15700.0
2019-05-30,15880.0
2019-05-31,16200.0
2019-06-04,16500.0
2019-06-05,16720.0
2019-06-06,16880.0
2019-06-07,17400.0
2019-06-10,17520.0
2019-06-11,17700.0
2019-06-12,18400.0
2019-06-13,18600.0
2019-06-14,18760.0
2019-06-17,18580.0
2019-06-18,18700.0
2019-06-19,18880.0
2019-06-20,18880.0
2019-06-21,18980.0
2019-06-25,19360.0
2019-06-26,18260.0
2019-06-27,17820.0
2019-06-28,17860.0
2019-07-02,17920.0
2019-07-03,18400.0
2019-07-04,18500.0
2019-07-05,18900.0
2019-07-08,19200.0
2019-07-09,19500.0
2019-07-10,19900.0
2019-07-11,19800.0
2019-07-12,19960.0
2019-07-15,19700.0
2019-07-16,19680.0
2019-07-17,19660.0
2019-07-18,19200.0
2019-07-19,19160.0
2019-07-22,19000.0
2019-07-23,19160.0
2019-07-24,19300.0
2019-07-25,19800.0
2019-07-26,19200.0
2019-07-29,18960.0
2019-07-30,18000.0
2019-07-31,17800.0
2019-08-01,17460.0
2019-08-02,16920.0
2019-08-05,16200.0
2019-08-06,16820.0
2019-08-08,17500.0
2019-08-09,16900.0
2019-08-12,17100.0
2019-08-13,17380.0
2019-08-14,16900.0
2019-08-15,17400.0
2019-08-16,18000.0
2019-08-20,18100.0
2019-08-21,18100.0
2019-08-22,18000.0
2019-08-23,17460.0
2019-08-26,17060.0
2019-08-27,17500.0
2019-08-28,17480.0
2019-08-29,17900.0
2019-08-30,18180.0
2019-09-02,18500.0
2019-09-03,18880.0
2019-09-04,19280.0
2019-09-05,19380.0
2019-09-06,19020.0
2019-09-09,19380.0
2019-09-10,19380.0
2019-09-11,19240.0
2019-09-12,19240.0
2019-09-13,19300.0
2019-09-16,20100.0
2019-09-17,20000.0
2019-09-18,19700.0
2019-09-19,19860.0
2019-09-20,19900.0
2019-09-23,19500.0
2019-09-24,19600.0
2019-09-25,19060.0
2019-09-26,19020.0
2019-09-27,18500.0
2019-09-30,18240.0
2019-10-01,18500.0
2019-10-02,18500.0
2019-10-03,18940.0
2019-10-04,18920.0
2019-10-07,19480.0
2019-10-08,19380.0
2019-10-09,19380.0
2019-10-10,19020.0
2019-10-11,19000.0
2019-10-15,18780.0
2019-10-16,18800.0
2019-10-17,18860.0
2019-10-18,18780.0
2019-10-21,19000.0
2019-10-22,19400.0
2019-10-23,19400.0
2019-10-24,19760.0
2019-10-25,20000.0
2019-10-28,19960.0
2019-10-29,20000.0
2019-10-30,19860.0
2019-10-31,19500.0
2019-11-01,19700.0
2019-11-05,20480.0
2019-11-06,20160.0
2019-11-07,20300.0
2019-11-08,20200.0
2019-11-12,20240.0
2019-11-13,20240.0
2019-11-14,19460.0
2019-11-15,19640.0
2019-11-18,20140.0
2019-11-19,19220.0
2019-11-20,18500.0
2019-11-21,17900.0
2019-11-22,18680.0
2019-11-25,18300.0
2019-11-26,18700.0
2019-11-27,18260.0
2019-11-28,18800.0
2019-11-29,18980.0
2019-12-02,18360.0
2019-12-03,18400.0
2019-12-04,18340.0
2019-12-05,18660.0
2019-12-06,18500.0
2019-12-09,18780.0
2019-12-10,18640.0
2019-12-11,18240.0
2019-12-12,18300.0
2019-12-13,19000.0
2019-12-16,18800.0
2019-12-17,18760.0
2019-12-18,18680.0
2019-12-19,18720.0
2019-12-20,18640.0
2019-12-23,19300.0
2019-12-24,19300.0
2019-12-26,19300.0
2019-12-27,19380.0
2020-01-02,19880.0
2020-01-03,20300.0
2020-01-07,19760.0
2020-01-08,19600.0
2020-01-09,19760.0
2020-01-10,19660.0
2020-01-13,19960.0
2020-01-14,19700.0
2020-01-15,19680.0
2020-01-16,19560.0
2020-01-17,19520.0
2020-01-20,19620.0
2020-01-21,19560.0
2020-01-22,19500.0
2020-01-23,19300.0
2020-01-24,19380.0
2020-01-27,19240.0
2020-01-28,19300.0
2020-01-29,19380.0
2020-01-30,19740.0
2020-01-31,18800.0
2020-02-03,19160.0
2020-02-04,19240.0
2020-02-05,19240.0
2020-02-06,18960.0
2020-02-07,18900.0
2020-02-10,18740.0
2020-02-11,18600.0
2020-02-12,18800.0
2020-02-13,19000.0
2020-02-14,19000.0
2020-02-17,19000.0
2020-02-18,19060.0
2020-02-19,19280.0
2020-02-20,19280.0
2020-02-21,18900.0
2020-02-24,19040.0
2020-02-25,19020.0
2020-02-26,18800.0
2020-02-27,18600.0
2020-02-28,18600.0
2020-03-02,18320.0
2020-03-03,18060.0
2020-03-04,18300.0
2020-03-05,18500.0
2020-03-06,18100.0
2020-03-09,17000.0
2020-03-10,17500.0
2020-03-11,17000.0
2020-03-12,15940.0
2020-03-13,15940.0
2020-03-16,12100.0
2020-03-17,12500.0
2020-03-18,11800.0
2020-03-19,13100.0
2020-03-20,13400.0
2020-03-24,13320.0
2020-03-25,14520.0
2020-03-26,16680.0
2020-03-27,16600.0
2020-03-30,16540.0
2020-03-31,15480.0
2020-04-01,14800.0
2020-04-02,15400.0
2020-04-03,15500.0
2020-04-06,16140.0
2020-04-07,16680.0
2020-04-08,17200.0
2020-04-13,17860.0
2020-04-14,17900.0
2020-04-15,18100.0
2020-04-16,18200.0
2020-04-17,18000.0
2020-04-20,17880.0
2020-04-21,17500.0
2020-04-22,18200.0
2020-04-23,18620.0
2020-04-24,18300.0
2020-04-27,18000.0
2020-04-28,18500.0
2020-04-29,18380.0
2020-04-30,18200.0
2020-05-04,17900.0
2020-05-05,17600.0
2020-05-06,17740.0
2020-05-07,18580.0
2020-05-08,17800.0
2020-05-11,18100.0
2020-05-12,18100.0
2020-05-13,18000.0
2020-05-14,18400.0
2020-05-15,18200.0
2020-05-18,18500.0
2020-05-19,18480.0
2020-05-20,18520.0
2020-05-21,18400.0
2020-05-22,18340.0
2020-05-26,18600.0
2020-05-27,19140.0
2020-05-28,19200.0
2020-05-29,19600.0
2020-06-01,19040.0
2020-06-02,19200.0
2020-06-03,19400.0
2020-06-04,19300.0
2020-06-05,19080.0
2020-06-08,19100.0
2020-06-09,19260.0
2020-06-10,18720.0
2020-06-11,19000.0
2020-06-12,18820.0
2020-06-16,19140.0
2020-06-17,18600.0
2020-06-18,18680.0
2020-06-19,18860.0
2020-06-23,18780.0
2020-06-24,18800.0
2020-06-25,18700.0
2020-06-26,18700.0
2020-06-30,18800.0
2020-07-01,18560.0
2020-07-02,18800.0
2020-07-03,18820.0
2020-07-06,18880.0
2020-07-07,19480.0
2020-07-08,19900.0
2020-07-09,19800.0
2020-07-10,19700.0
2020-07-13,19540.0
2020-07-14,19700.0
2020-07-15,19580.0
2020-07-16,19580.0
2020-07-17,19640.0
2020-07-21,19680.0
2020-07-22,19640.0
2020-07-23,19700.0
2020-07-24,19800.0
2020-07-27,19540.0
2020-07-28,19380.0
2020-07-29,19600.0
2020-07-30,19400.0
2020-07-31,19200.0
2020-08-03,18980.0
2020-08-04,19100.0
2020-08-05,19200.0
2020-08-06,19700.0
2020-08-10,19360.0
2020-08-11,19480.0
2020-08-12,19500.0
2020-08-13,19900.0
2020-08-14,20400.0
2020-08-18,21280.0
2020-08-19,20340.0
2020-08-20,20360.0
2020-08-21,21000.0
2020-08-24,21260.0
2020-08-25,21400.0
2020-08-26,21500.0
2020-08-27,21960.0
2020-08-28,21680.0
2020-08-31,20940.0
2020-09-01,22300.0
2020-09-02,21860.0
2020-09-03,21320.0
2020-09-04,20860.0
2020-09-07,21000.0
2020-09-08,20800.0
2020-09-09,20800.0
2020-09-10,20600.0
2020-09-11,20480.0
2020-09-14,20100.0
2020-09-15,20160.0
2020-09-16,20020.0
2020-09-17,20020.0
2020-09-18,20240.0
2020-09-21,20580.0
2020-09-22,20300.0
2020-09-23,20320.0
2020-09-24,20460.0
2020-09-25,20380.0
2020-09-28,20240.0
2020-09-29,20000.0
2020-09-30,20380.0
2020-10-01,20280.0
2020-10-02,20000.0
2020-10-05,19940.0
2020-10-06,19900.0
2020-10-07,21000.0
2020-10-08,21100.0
2020-10-09,21600.0
2020-10-13,21470.0
2020-10-14,21700.0
2020-10-15,21600.0
2020-10-16,21600.0
2020-10-19,21600.0
2020-10-20,21620.0
2020-10-21,21440.0
2020-10-22,21400.0
2020-10-23,21140.0
2020-10-26,21550.0
2020-10-27,21300.0
2020-10-28,20600.0
2020-10-29,20510.0
2020-10-30,20860.0
2020-11-03,20730.0
2020-11-04,20980.0
2020-11-05,21100.0
2020-11-06,21700.0
2020-11-09,22800.0
2020-11-10,23190.0
2020-11-11,23000.0
2020-11-12,22940.0
2020-11-13,22520.0
2020-11-17,23000.0
2020-11-18,23040.0
2020-11-19,22700.0
2020-11-20,22680.0
2020-11-23,21700.0
2020-11-24,22080.0
2020-11-25,22200.0
2020-11-26,22320.0
2020-11-27,22600.0
2020-11-30,22700.0
2020-12-01,23000.0
2020-12-02,22550.0
2020-12-03,22920.0
2020-12-04,23700.0
2020-12-07,25420.0
2020-12-09,24940.0
2020-12-10,24010.0
2020-12-11,24490.0
2020-12-14,25000.0
2020-12-15,25160.0
2020-12-16,24770.0
2020-12-17,25300.0
2020-12-18,24670.0
2020-12-21,23400.0
2020-12-22,24200.0
2020-12-23,24620.0
2020-12-24,25000.0
2020-12-28,25400.0
2021-01-04,25300.0
2021-01-05,26000.0
2021-01-06,26550.0
2021-01-07,28000.0
2021-01-08,29000.0
2021-01-12,29250.0
2021-01-13,29000.0
2021-01-14,29000.0
2021-01-15,28980.0
2021-01-18,28700.0
2021-01-19,29200.0
2021-01-20,29100.0
2021-01-21,28280.0
2021-01-22,26000.0
2021-01-25,24700.0
2021-01-26,25000.0
2021-01-27,24000.0
2021-01-28,23990.0
2021-01-29,23060.0
2021-02-01,23440.0
2021-02-02,23490.0
2021-02-03,23130.0
2021-02-04,23440.0
2021-02-05,23640.0
2021-02-08,23590.0
2021-02-09,23710.0
2021-02-10,23400.0
2021-02-11,23400.0
2021-02-12,23680.0
2021-02-15,23500.0
2021-02-16,23200.0
2021-02-17,23200.0
2021-02-18,23100.0
2021-02-19,23000.0
2021-02-22,22970.0
2021-02-23,22620.0
2021-02-24,23600.0
2021-02-25,22820.0
2021-02-26,23800.0
2021-03-01,23630.0
2021-03-02,23680.0
2021-03-03,23600.0
2021-03-04,23110.0
2021-03-05,23600.0
2021-03-08,23520.0
2021-03-09,23700.0
2021-03-10,23800.0
2021-03-11,23600.0
2021-03-12,23780.0
2021-03-15,23510.0
2021-03-16,23360.0
2021-03-17,23380.0
2021-03-18,23680.0
2021-03-19,23600.0
2021-03-23,23100.0
2021-03-24,23100.0
2021-03-25,22630.0
2021-03-26,22300.0
2021-03-29,22200.0
2021-03-30,22960.0
2021-03-31,22500.0
2021-04-05,22950.0
2021-04-06,23200.0
2021-04-07,23200.0
2021-04-08,23190.0
2021-04-09,22570.0
2021-04-12,22700.0
2021-04-13,22890.0
2021-04-14,22650.0
2021-04-15,23000.0
2021-04-16,22640.0
2021-04-19,22620.0
2021-04-20,22740.0
2021-04-21,22590.0
2021-04-22,22500.0
2021-04-23,22300.0
2021-04-26,22050.0
2021-04-27,21660.0
2021-04-28,21340.0
2021-04-29,21400.0
2021-04-30,21380.0
2021-05-03,20500.0
2021-05-04,20400.0
2021-05-05,20900.0
2021-05-06,21160.0
2021-05-07,21240.0
2021-05-10,22340.0
2021-05-11,22000.0
2021-05-12,21710.0
2021-05-13,20630.0
2021-05-14,21500.0
2021-05-18,20820.0
2021-05-19,21100.0
2021-05-20,21000.0
2021-05-21,20990.0
2021-05-24,20660.0
2021-05-25,20200.0
2021-05-26,19600.0
2021-05-27,20500.0
2021-05-28,20650.0
2021-05-31,20020.0
2021-06-01,20510.0
2021-06-02,22670.0
2021-06-03,22700.0
2021-06-04,22700.0
2021-06-08,23290.0
2021-06-09,23360.0
2021-06-10,23560.0
2021-06-11,23300.0
2021-06-15,22960.0
2021-06-16,22610.0
2021-06-17,23000.0
2021-06-18,23020.0
2021-06-21,22400.0
2021-06-22,22460.0
2021-06-23,22200.0
2021-06-24,22540.0
2021-06-25,22460.0
2021-06-28,22300.0
2021-06-29,22200.0
2021-06-30,22150.0
2021-07-01,22620.0
2021-07-02,23500.0
2021-07-06,23000.0
2021-07-07,23200.0
2021-07-08,23370.0
2021-07-09,23350.0
2021-07-12,23810.0
2021-07-13,23800.0
2021-07-14,23530.0
2021-07-15,23000.0
2021-07-16,23190.0
2021-07-19,22300.0
2021-07-21,22350.0
2021-07-22,22780.0
2021-07-23,22600.0
2021-07-26,22400.0
2021-07-27,22010.0
2021-07-28,22130.0
2021-07-29,22300.0
2021-07-30,21820.0
2021-08-02,21980.0
2021-08-03,21900.0
2021-08-04,22000.0
2021-08-05,22000.0
2021-08-06,21600.0
2021-08-09,21300.0
2021-08-10,21330.0
2021-08-11,21500.0
2021-08-12,21800.0
2021-08-13,21900.0
2021-08-17,23040.0
2021-08-18,23270.0
2021-08-19,23650.0
2021-08-20,23450.0
2021-08-23,23090.0
2021-08-24,22590.0
2021-08-25,22990.0
2021-08-26,22900.0
2021-08-27,22800.0
2021-08-30,22700.0
2021-08-31,22700.0
2021-09-01,22530.0
2021-09-02,22800.0
2021-09-03,22600.0
2021-09-06,22710.0
2021-09-07,22660.0
2021-09-08,22800.0
2021-09-09,22850.0
2021-09-10,22660.0
2021-09-13,22500.0
2021-09-14,22330.0
2021-09-15,22710.0
2021-09-16,22700.0
2021-09-17,22990.0
2021-09-20,22650.0
2021-09-21,22400.0
2021-09-22,22380.0
2021-09-23,22200.0
2021-09-24,22220.0
2021-09-27,22600.0
2021-09-28,22800.0
2021-09-29,22990.0
2021-09-30,22700.0
2021-10-01,22790.0
2021-10-04,23000.0
2021-10-05,22710.0
2021-10-06,22870.0
2021-10-07,22620.0
2021-10-08,22650.0
2021-10-11,22820.0
2021-10-12,22500.0
2021-10-13,22430.0
2021-10-14,22790.0
2021-10-15,22750.0
2021-10-19,22500.0
2021-10-20,22690.0
2021-10-21,22520.0
2021-10-22,22500.0
2021-10-25,22700.0
2021-10-26,22800.0
2021-10-27,22750.0
2021-10-28,22730.0
2021-10-29,22610.0
2021-11-02,22730.0
2021-11-03,22830.0
2021-11-04,22800.0
2021-11-05,22730.0
2021-11-08,22600.0
2021-11-09,22600.0
2021-11-10,22480.0
2021-11-11,22550.0
2021-11-12,22210.0
2021-11-16,22050.0
2021-11-17,22500.0
2021-11-18,22500.0
2021-11-19,21900.0
2021-11-22,21540.0
2021-11-23,21500.0
2021-11-24,21300.0
2021-11-25,21300.0
2021-11-26,20100.0
2021-11-29,21000.0
2021-11-30,22300.0
2021-12-01,22180.0
2021-12-02,22150.0
2021-12-03,22000.0
2021-12-06,22300.0
2021-12-07,22140.0
2021-12-09,21820.0
2021-12-10,21620.0
2021-12-13,20500.0
2021-12-14,20610.0
2021-12-15,21260.0
2021-12-16,21750.0
2021-12-17,21700.0
2021-12-20,21200.0
2021-12-21,21520.0
2021-12-22,22000.0
2021-12-23,22100.0
2021-12-24,22190.0
2021-12-27,22310.0
2021-12-28,22400.0
2022-01-03,22490.0
2022-01-04,22600.0
2022-01-05,22750.0
2022-01-06,22620.0
2022-01-07,21700.0
2022-01-11,22400.0
2022-01-12,22800.0
2022-01-13,23100.0
2022-01-14,22860.0
2022-01-17,23950.0
2022-01-18,24990.0
2022-01-19,25100.0
2022-01-20,24900.0
2022-01-21,24160.0
2022-01-24,24200.0
2022-01-25,23800.0
2022-01-26,23810.0
2022-01-27,23640.0
2022-01-28,23600.0
2022-01-31,23600.0
2022-02-01,22920.0
2022-02-02,22410.0
2022-02-03,22070.0
2022-02-04,22550.0
2022-02-07,22750.0
2022-02-08,22660.0
2022-02-09,22150.0
2022-02-10,21400.0
2022-02-11,22700.0
2022-02-14,22100.0
2022-02-15,22800.0
2022-02-16,23040.0
2022-02-17,23280.0
2022-02-18,23200.0
2022-02-21,23450.0
2022-02-22,23330.0
2022-02-23,23600.0
2022-02-24,24000.0
2022-02-25,24400.0
2022-02-28,24300.0
2022-03-01,23980.0
2022-03-02,23800.0
2022-03-03,23770.0
2022-03-04,23270.0
2022-03-07,23100.0
2022-03-08,23110.0
2022-03-09,23970.0
2022-03-10,23350.0
2022-03-11,23450.0
2022-03-14,23000.0
2022-03-15,23300.0
2022-03-16,23480.0
2022-03-17,23600.0
2022-03-18,23650.0
2022-03-22,24000.0
2022-03-23,23900.0
2022-03-24,23900.0
2022-03-25,24500.0
2022-03-28,24340.0
2022-03-29,24640.0
2022-03-30,24160.0
2022-03-31,24300.0
2022-04-01,24900.0
2022-04-04,24680.0
2022-04-05,24680.0
2022-04-06,24600.0
2022-04-07,24000.0
2022-04-08,24290.0
2022-04-11,24900.0
2022-04-12,24900.0
2022-04-13,24900.0
2022-04-18,24400.0
2022-04-19,24650.0
2022-04-20,24750.0
2022-04-21,24490.0
2022-04-22,23870.0
2022-04-25,22320.0
2022-04-26,22450.0
2022-04-27,22450.0
2022-04-28,22000.0
2022-04-29,21760.0
2022-05-02,22400.0
2022-05-03,22140.0
2022-05-04,22990.0
2022-05-05,22130.0
2022-05-06,22100.0
2022-05-09,21000.0
2022-05-10,21050.0
2022-05-11,20560.0
2022-05-12,20700.0
2022-05-13,20120.0
2022-05-16,20120.0
2022-05-17,20140.0
2022-05-18,19530.0
2022-05-19,18270.0
2022-05-20,19450.0
2022-05-23,20700.0
2022-05-24,21300.0
2022-05-25,21700.0
2022-05-26,22880.0
2022-05-27,23000.0
2022-05-31,23780.0
2022-06-01,23800.0
2022-06-02,23200.0
2022-06-03,22600.0
2022-06-06,21750.0
2022-06-07,22430.0
2022-06-08,22990.0
2022-06-09,21620.0
2022-06-10,22190.0
2022-06-13,21500.0
2022-06-14,22690.0
2022-06-15,21570.0
2022-06-16,22600.0
2022-06-17,21710.0
2022-06-21,21200.0
2022-06-22,20900.0
2022-06-23,20300.0
2022-06-24,20420.0
2022-06-28,22000.0
2022-06-29,21200.0
2022-06-30,20500.0
2022-07-01,20770.0
